FirstComplaintToInvOpening,InvOpeningToClosing,NoNHTSACampaignNumbers,InvClosingToRecall,RecallToOwnerNotification,RecallSize,RecallScope,NoManufacturers,RecallType,InfluencedBy,NoPDUptoQuarterOfRcl,NoDIUptoQuarterOfRcl,NoIIUptoQuarterOfRcl,NoIDUptoQuarterOfRcl,MfrAwarenessToRecall,SupplierMentioned,OpenedYear,ClosedYear,RecallYear
839,1594,0,,,,,,,,,,,,,,2012,2016,
895,461,0,,,,,,,,,,,,,,2019,2020,
205,1170,0,,,,,,,,,,,,,,2015,2018,
188,193,0,,,,,,,,,,,,,,2015,2016,
3896,1101,0,,,,,,,,,,,,,,2017,2020,
562,649,0,,,,,,,,,,,,,,2018,2020,
,3221,0,,,,,,,,,,,,,,2009,2018,
232,172,0,,,,,,,,,,,,,,2016,2017,
2226,524,0,,,,,,,,,,,,,,2014,2016,
,132,0,,,,,,,,,,,,,,2009,2009,
9,1092,0,,,,,,,,,,,,,,2010,2013,
,428,0,,,,,,,,,,,,,,2010,2011,
3,130,0,,,,,,,,,,,,,,2012,2012,
,111,0,,,,,,,,,,,,,,2009,2009,
4750,1435,0,,,,,,,,,,,,,,2017,2021,
204,169,0,,,,,,,,,,,,,,2014,2015,
,251,0,,,,,,,,,,,,,,2009,2010,
1598,262,0,,,,,,,,,,,,,,2011,2012,
,228,0,,,,,,,,,,,,,,2010,2011,
-99,142,0,,,,,,,,,,,,,,2012,2013,
,41,0,,,,,,,,,,,,,,2015,2015,
,98,0,,,,,,,,,,,,,,2009,2009,
,147,0,,,,,,,,,,,,,,2010,2010,
,194,0,,,,,,,,,,,,,,2010,2010,
,53,0,,,,,,,,,,,,,,2012,2012,
649,200,0,,,,,,,,,,,,,,2018,2018,
,519,0,,,,,,,,,,,,,,2009,2010,
4577,189,0,,,,,,,,,,,,,,2016,2016,
482,236,0,,,,,,,,,,,,,,2019,2020,
,171,0,,,,,,,,,,,,,,2013,2014,
,501,0,,,,,,,,,,,,,,2010,2011,
63,66,0,,,,,,,,,,,,,,2009,2009,
1379,187,0,,,,,,,,,,,,,,2017,2017,
872,959,0,,,,,,,,,,,,,,2010,2013,
,371,0,,,,,,,,,,,,,,2015,2016,
725,161,0,,,,,,,,,,,,,,2019,2019,
,85,0,,,,,,,,,,,,,,2011,2011,
,409,0,,,,,,,,,,,,,,2015,2016,
,147,0,,,,,,,,,,,,,,2011,2011,
,671,0,,,,,,,,,,,,,,2010,2011,
2960,222,0,,,,,,,,,,,,,,2014,2015,
,281,0,,,,,,,,,,,,,,2010,2011,
,35,0,,,,,,,,,,,,,,2015,2015,
,179,0,,,,,,,,,,,,,,2015,2015,
,944,0,,,,,,,,,,,,,,2018,2020,
4326,251,0,,,,,,,,,,,,,,2017,2017,
362,172,0,,,,,,,,,,,,,,2013,2013,
,125,0,,,,,,,,,,,,,,2009,2009,
92,186,0,,,,,,,,,,,,,,2011,2011,
,160,0,,,,,,,,,,,,,,2012,2013,
247,227,0,,,,,,,,,,,,,,2013,2013,
14,152,0,,,,,,,,,,,,,,2015,2015,
875,438,0,,,,,,,,,,,,,,2014,2015,
,588,0,,,,,,,,,,,,,,2018,2020,
572,333,0,,,,,,,,,,,,,,2017,2018,
481,119,0,,,,,,,,,,,,,,2015,2015,
2597,412,0,,,,,,,,,,,,,,2018,2019,
,28,0,,,,,,,,,,,,,,2009,2009,
,735,0,,,,,,,,,,,,,,2012,2014,
821,172,0,,,,,,,,,,,,,,2017,2018,
938,361,0,,,,,,,,,,,,,,2020,2021,
,574,0,,,,,,,,,,,,,,2014,2016,
2746,129,0,,,,,,,,,,,,,,2011,2012,
,153,0,,,,,,,,,,,,,,2020,2020,
,120,0,,,,,,,,,,,,,,2009,2009,
686,174,0,,,,,,,,,,,,,,2015,2015,
,159,0,,,,,,,,,,,,,,2010,2010,
,177,0,,,,,,,,,,,,,,2010,2011,
,178,0,,,,,,,,,,,,,,2011,2011,
,1193,0,,,,,,,,,,,,,,2017,2020,
225,128,0,,,,,,,,,,,,,,2011,2012,
14,129,0,,,,,,,,,,,,,,2013,2013,
,119,0,,,,,,,,,,,,,,2012,2012,
,739,0,,,,,,,,,,,,,,2015,2017,
,290,0,,,,,,,,,,,,,,2009,2010,
,225,0,,,,,,,,,,,,,,2010,2011,
194,391,0,,,,,,,,,,,,,,2010,2011,
415,250,0,,,,,,,,,,,,,,2014,2015,
,751,0,,,,,,,,,,,,,,2014,2016,
372,302,0,,,,,,,,,,,,,,2014,2015,
576,2181,0,,,,,,,,,,,,,,2009,2015,
345,134,0,,,,,,,,,,,,,,2011,2011,
1960,644,0,,,,,,,,,,,,,,2013,2014,
,68,0,,,,,,,,,,,,,,2011,2011,
403,1509,0,,,,,,,,,,,,,,2011,2015,
258,305,0,,,,,,,,,,,,,,2018,2019,
,959,0,,,,,,,,,,,,,,2014,2017,
2484,213,0,,,,,,,,,,,,,,2014,2015,
1190,123,0,,,,,,,,,,,,,,2012,2012,
,302,0,,,,,,,,,,,,,,2014,2015,
1044,451,0,,,,,,,,,,,,,,2011,2012,
1335,168,0,,,,,,,,,,,,,,2020,2020,
2489,116,0,,,,,,,,,,,,,,2015,2015,
,294,0,,,,,,,,,,,,,,2010,2011,
,229,0,,,,,,,,,,,,,,2012,2012,
98,307,0,,,,,,,,,,,,,,2014,2015,
5200,248,0,,,,,,,,,,,,,,2012,2013,
335,167,0,,,,,,,,,,,,,,2015,2015,
45,460,0,,,,,,,,,,,,,,2009,2010,
,125,0,,,,,,,,,,,,,,2010,2010,
2331,157,0,,,,,,,,,,,,,,2012,2013,
,527,0,,,,,,,,,,,,,,2010,2011,
299,205,0,,,,,,,,,,,,,,2019,2019,
2047,179,0,,,,,,,,,,,,,,2014,2014,
,33,0,,,,,,,,,,,,,,2012,2012,
,1751,0,,,,,,,,,,,,,,2015,2020,
726,140,0,,,,,,,,,,,,,,2012,2013,
,242,0,,,,,,,,,,,,,,2011,2012,
619,61,0,,,,,,,,,,,,,,2019,2019,
,128,0,,,,,,,,,,,,,,2010,2010,
,296,0,,,,,,,,,,,,,,2011,2012,
458,635,0,,,,,,,,,,,,,,2015,2017,
,113,0,,,,,,,,,,,,,,2011,2011,
,121,0,,,,,,,,,,,,,,2010,2010,
187,326,0,,,,,,,,,,,,,,2010,2011,
,95,0,,,,,,,,,,,,,,2010,2011,
,105,0,,,,,,,,,,,,,,2010,2010,
,376,0,,,,,,,,,,,,,,2016,2017,
,185,0,,,,,,,,,,,,,,2009,2010,
,275,0,,,,,,,,,,,,,,2009,2010,
316,656,0,,,,,,,,,,,,,,2015,2016,
,440,0,,,,,,,,,,,,,,2010,2011,
,125,0,,,,,,,,,,,,,,2009,2009,
524,420,0,,,,,,,,,,,,,,2012,2013,
,437,0,,,,,,,,,,,,,,2010,2012,
,38,0,,,,,,,,,,,,,,2010,2010,
5158,661,0,,,,,,,,,,,,,,2010,2012,
,320,0,,,,,,,,,,,,,,2013,2014,
,260,0,,,,,,,,,,,,,,2012,2013,
73,148,0,,,,,,,,,,,,,,2013,2014,
,421,0,,,,,,,,,,,,,,2010,2011,
,595,0,,,,,,,,,,,,,,2019,2021,
2783,122,0,,,,,,,,,,,,,,2013,2013,
,124,0,,,,,,,,,,,,,,2010,2010,
4037,0,0,,,,,,,,,,,,,,2012,2012,
1535,314,0,,,,,,,,,,,,,,2019,2019,
3030,387,0,,,,,,,,,,,,,,2011,2012,
2452,366,0,,,,,,,,,,,,,,2017,2018,
,142,0,,,,,,,,,,,,,,2009,2009,
519,139,0,,,,,,,,,,,,,,2013,2014,
,120,0,,,,,,,,,,,,,,2009,2009,
,315,0,,,,,,,,,,,,,,2015,2016,
59,141,0,,,,,,,,,,,,,,2012,2012,
,129,0,,,,,,,,,,,,,,2015,2015,
166,1131,0,,,,,,,,,,,,,,2015,2018,
,316,0,,,,,,,,,,,,,,2017,2018,
3247,652,0,,,,,,,,,,,,,,2018,2020,
1470,163,0,,,,,,,,,,,,,,2015,2016,
1384,2440,0,,,,,,,,,,,,,,2014,2021,
1849,692,0,,,,,,,,,,,,,,2010,2012,
,129,0,,,,,,,,,,,,,,2009,2009,
1974,171,0,,,,,,,,,,,,,,2015,2015,
138,266,0,,,,,,,,,,,,,,2017,2017,
,135,0,,,,,,,,,,,,,,2009,2010,
771,195,0,,,,,,,,,,,,,,2015,2016,
1509,438,0,,,,,,,,,,,,,,2016,2017,
791,165,0,,,,,,,,,,,,,,2020,2021,
672,129,0,,,,,,,,,,,,,,2012,2012,
,75,0,,,,,,,,,,,,,,2009,2009,
,421,0,,,,,,,,,,,,,,2009,2010,
475,136,0,,,,,,,,,,,,,,2014,2014,
612,2603,0,,,,,,,,,,,,,,2013,2020,
,129,0,,,,,,,,,,,,,,2015,2016,
,159,0,,,,,,,,,,,,,,2009,2009,
,223,0,,,,,,,,,,,,,,2012,2013,
15,139,0,,,,,,,,,,,,,,2014,2014,
229,220,0,,,,,,,,,,,,,,2014,2014,
,151,0,,,,,,,,,,,,,,2011,2011,
,133,0,,,,,,,,,,,,,,2011,2011,
1411,277,0,,,,,,,,,,,,,,2013,2014,
,196,0,,,,,,,,,,,,,,2010,2011,
100,494,0,,,,,,,,,,,,,,2013,2014,
,364,0,,,,,,,,,,,,,,2012,2013,
,1155,0,,,,,,,,,,,,,,2017,2020,
,107,0,,,,,,,,,,,,,,2015,2016,
,166,0,,,,,,,,,,,,,,2010,2011,
1483,638,0,,,,,,,,,,,,,,2011,2013,
4,168,0,,,,,,,,,,,,,,2011,2012,
3348,132,0,,,,,,,,,,,,,,2015,2015,
,125,0,,,,,,,,,,,,,,2010,2010,
1214,129,0,,,,,,,,,,,,,,2012,2012,
,330,0,,,,,,,,,,,,,,2009,2010,
21,346,0,,,,,,,,,,,,,,2020,2021,
-8,244,0,,,,,,,,,,,,,,2011,2012,
2058,450,0,,,,,,,,,,,,,,2011,2012,
125,263,0,,,,,,,,,,,,,,2018,2019,
771,224,0,,,,,,,,,,,,,,2012,2013,
2118,455,0,,,,,,,,,,,,,,2009,2010,
,778,0,,,,,,,,,,,,,,2012,2014,
44,183,0,,,,,,,,,,,,,,2012,2012,
1073,140,0,,,,,,,,,,,,,,2014,2015,
1116,372,0,,,,,,,,,,,,,,2013,2014,
1181,212,0,,,,,,,,,,,,,,2013,2014,
,355,0,,,,,,,,,,,,,,2009,2010,
,150,0,,,,,,,,,,,,,,2015,2016,
1408,173,0,,,,,,,,,,,,,,2016,2017,
59,327,0,,,,,,,,,,,,,,2014,2014,
964,624,0,,,,,,,,,,,,,,2019,2021,
2007,132,0,,,,,,,,,,,,,,2014,2014,
1583,137,0,,,,,,,,,,,,,,2014,2014,
172,229,0,,,,,,,,,,,,,,2015,2016,
,205,0,,,,,,,,,,,,,,2016,2017,
,274,0,,,,,,,,,,,,,,2017,2018,
1067,1274,0,,,,,,,,,,,,,,2009,2013,
,258,0,,,,,,,,,,,,,,2010,2011,
,304,0,,,,,,,,,,,,,,2014,2015,
,155,0,,,,,,,,,,,,,,2010,2010,
1539,115,0,,,,,,,,,,,,,,2014,2015,
,301,0,,,,,,,,,,,,,,2019,2020,
,56,0,,,,,,,,,,,,,,2011,2012,
,136,0,,,,,,,,,,,,,,2009,2009,
,35,0,,,,,,,,,,,,,,2015,2015,
,887,0,,,,,,,,,,,,,,2015,2017,
,448,0,,,,,,,,,,,,,,2017,2018,
2158,453,0,,,,,,,,,,,,,,2016,2017,
3567,245,0,,,,,,,,,,,,,,2012,2013,
652,207,0,,,,,,,,,,,,,,2015,2015,
,131,0,,,,,,,,,,,,,,2013,2014,
257,119,0,,,,,,,,,,,,,,2012,2012,
,358,0,,,,,,,,,,,,,,2014,2015,
,235,0,,,,,,,,,,,,,,2014,2015,
,634,0,,,,,,,,,,,,,,2017,2018,
143,6,0,,,,,,,,,,,,,,2010,2010,
,578,0,,,,,,,,,,,,,,2014,2016,
,365,0,,,,,,,,,,,,,,2010,2011,
27,204,0,,,,,,,,,,,,,,2009,2009,
,382,0,,,,,,,,,,,,,,2013,2014,
63,201,0,,,,,,,,,,,,,,2014,2014,
14,165,0,,,,,,,,,,,,,,2014,2015,
729,112,0,,,,,,,,,,,,,,2013,2013,
1328,269,0,,,,,,,,,,,,,,2013,2014,
2532,286,0,,,,,,,,,,,,,,2016,2017,
2500,1554,0,,,,,,,,,,,,,,2011,2015,
,510,0,,,,,,,,,,,,,,2009,2010,
,162,0,,,,,,,,,,,,,,2011,2011,
,100,0,,,,,,,,,,,,,,2015,2015,
1543,211,0,,,,,,,,,,,,,,2014,2014,
,129,0,,,,,,,,,,,,,,2009,2009,
,136,0,,,,,,,,,,,,,,2010,2010,
,84,0,,,,,,,,,,,,,,2012,2012,
,105,0,,,,,,,,,,,,,,2010,2010,
716,169,0,,,,,,,,,,,,,,2015,2016,
,114,0,,,,,,,,,,,,,,2009,2009,
,94,0,,,,,,,,,,,,,,2012,2012,
51,138,0,,,,,,,,,,,,,,2015,2016,
1359,1334,0,,,,,,,,,,,,,,2016,2020,
1518,780,0,,,,,,,,,,,,,,2012,2014,
,7,0,,,,,,,,,,,,,,2010,2010,
,21,0,,,,,,,,,,,,,,2013,2013,
,134,0,,,,,,,,,,,,,,2009,2009,
515,336,0,,,,,,,,,,,,,,2014,2015,
123,229,0,,,,,,,,,,,,,,2013,2013,
,159,0,,,,,,,,,,,,,,2015,2016,
,217,0,,,,,,,,,,,,,,2017,2018,
,527,0,,,,,,,,,,,,,,2017,2018,
,539,0,,,,,,,,,,,,,,2014,2016,
13,126,0,,,,,,,,,,,,,,2012,2012,
,130,0,,,,,,,,,,,,,,2012,2013,
,747,0,,,,,,,,,,,,,,2011,2013,
,1866,0,,,,,,,,,,,,,,2010,2015,
,220,0,,,,,,,,,,,,,,2013,2013,
1708,500,0,,,,,,,,,,,,,,2016,2018,
,150,0,,,,,,,,,,,,,,2011,2011,
684,151,0,,,,,,,,,,,,,,2012,2013,
668,318,0,,,,,,,,,,,,,,2013,2014,
,123,0,,,,,,,,,,,,,,2009,2009,
665,485,0,,,,,,,,,,,,,,2015,2016,
,126,0,,,,,,,,,,,,,,2009,2010,
,102,10,-1350,,800,1,1,Equipment,OVSC,0,0,0,0,,,2009,2009,2005
,102,10,-1194,-7,1242,9,1,Equipment,OVSC,0,0,0,0,,,2009,2009,2006
,102,10,-1075,,100,8,1,Equipment,OVSC,0,0,0,0,,,2009,2009,2006
,102,10,-1022,,108,1,1,Equipment,OVSC,0,0,0,0,,,2009,2009,2006
,102,10,-928,11,200,8,1,Equipment,OVSC,0,0,0,0,,,2009,2009,2006
,102,10,-850,753,101,12,1,Equipment,OVSC,0,0,0,0,,,2009,2009,2007
,102,10,-686,17,48,4,1,Equipment,OVSC,0,0,0,0,,,2009,2009,2007
,102,10,-668,595,93,2,1,Equipment,OVSC,0,0,0,0,,,2009,2009,2007
,102,10,-640,,313,8,1,Equipment,OVSC,0,0,0,0,,,2009,2009,2007
,102,10,-362,-69,5,3,1,Equipment,OVSC,0,0,0,0,,,2009,2009,2008
,129,1,-21,20,447000,36,1,Component,ODI,0,0,0,0,,,2009,2010,2009
,447,14,-420,4,4520,1,1,Equipment,ODI,0,0,0,0,,,2009,2010,2009
,447,14,-405,83,2798,1,1,Equipment,ODI,0,0,0,0,,,2009,2010,2009
,447,14,-391,-47,138,9,1,Equipment,ODI,0,0,0,0,,,2009,2010,2009
64,147,1,-3,118,44,20,2,Equipment,ODI,10234,27,280,97542,,,2009,2009,2009
,58,1,-15,44,4591,2,1,Vehicle,ODI,0,0,0,0,,,2009,2009,2009
,56,1,-31,29,3419,2,1,Vehicle,ODI,0,0,0,0,,,2009,2009,2009
,85,3,-8,63,633,8,1,Vehicle,ODI,0,0,0,0,,,2009,2009,2009
,100,1,-9,75,532633,14,1,Vehicle,ODI,77,5,115,3644,,,2009,2009,2009
,62,1,-5,92,160904,4,1,Vehicle,ODI,335,11,469,51869,,,2009,2009,2009
,57,1,-8,-6,5000,2,1,Vehicle,ODI,0,0,0,0,,,2009,2009,2009
,85,1,-8,-6,180,1,1,Vehicle,ODI,0,0,0,0,,,2009,2009,2009
,37,1,-17,9,579,6,1,Vehicle,ODI,0,0,1,1,,,2009,2009,2009
,85,1,0,-15,4,1,1,Vehicle,ODI,0,0,0,0,,,2009,2009,2009
,447,14,-419,13,17,6,1,Vehicle,ODI,0,0,0,0,,,2009,2010,2009
,447,14,-419,41,302,7,1,Vehicle,ODI,0,0,0,0,,,2009,2010,2009
,317,6,-252,18,2957,8,1,Vehicle,ODI,0,0,0,0,,,2009,2010,2009
,317,6,-252,18,8571,7,1,Vehicle,ODI,0,0,0,0,,,2009,2010,2009
,317,6,-252,18,3910,25,1,Vehicle,ODI,0,0,0,0,,,2009,2010,2009
,447,14,-396,36,484,36,1,Vehicle,ODI,0,0,0,0,,,2009,2010,2009
,447,14,-392,42,338,2,1,Vehicle,ODI,0,0,0,0,,,2009,2010,2009
,447,14,-391,6,43,1,1,Vehicle,ODI,0,0,0,0,,,2009,2010,2009
,207,4,-189,10,10,2,1,Vehicle,ODI,0,0,0,0,,,2009,2009,2009
,317,6,-239,5,3800,3,1,Vehicle,ODI,0,0,0,0,,,2009,2010,2009
,317,6,-239,5,17091,16,1,Vehicle,ODI,0,0,0,0,,,2009,2010,2009
,447,14,-383,16,89,4,1,Vehicle,ODI,0,0,0,0,,,2009,2010,2009
,447,14,-381,61,1460,16,2,Vehicle,ODI,0,0,0,0,,,2009,2010,2009
,317,6,-233,-1,20798,15,1,Vehicle,ODI,0,0,0,0,,,2009,2010,2009
,207,4,-173,8,10,2,1,Vehicle,ODI,0,0,0,0,,,2009,2009,2009
,114,1,-7,54,44451,1,1,Vehicle,ODI,1261,1,18,6651,107,No,2009,2009,2009
,447,14,-361,21,572,2,1,Vehicle,ODI,0,0,0,0,,,2009,2010,2009
,207,4,-157,11,5,4,1,Vehicle,ODI,0,0,0,0,,,2009,2009,2009
,447,14,-356,38,32,1,1,Vehicle,ODI,0,0,0,0,,,2009,2010,2009
,447,14,-354,6,19,2,1,Vehicle,ODI,0,0,0,0,,,2009,2010,2009
,85,3,85,-30,4,2,1,Vehicle,ODI,0,0,0,0,,,2009,2009,2009
,85,3,85,0,10,1,1,Vehicle,ODI,0,0,0,0,,,2009,2009,2009
,60,1,-3,98,15761,2,1,Vehicle,ODI,4,0,1,19,235,No,2009,2009,2009
,207,4,-145,14,26,1,1,Vehicle,ODI,0,0,0,0,,,2009,2009,2009
,84,1,-36,19,7772,3,1,Vehicle,ODI,0,0,0,0,,,2009,2009,2009
,91,1,-13,105,35,2,1,Vehicle,ODI,0,0,0,0,,,2009,2009,2009
,155,1,-1,369,185903,18,2,Vehicle,ODI,18976,20,170,78538,268,No,2009,2009,2009
,125,1,-91,61,16000,8,1,Vehicle,ODI,0,0,1,3,10,No,2009,2009,2009
,447,14,-312,64,29,3,1,Vehicle,ODI,0,0,0,0,,,2009,2010,2009
,126,1,-22,233,15123,3,1,Vehicle,ODI,0,0,0,0,,,2009,2009,2009
,69,1,-64,2,352,4,1,Vehicle,ODI,78,2,30,11,,,2009,2009,2009
,80,1,-64,142,8882,15,1,Vehicle,ODI,109,2,3,28,,,2009,2009,2009
,97,1,-12,109,88461,2,1,Vehicle,ODI,0,0,0,0,386,No,2009,2009,2009
,112,1,-69,166,110000,4,1,Vehicle,ODI,4549,8,91,7857,352,No,2009,2010,2009
,98,1,-20,2,1007,14,1,Vehicle,ODI,2,0,1,1,,,2009,2009,2009
,92,1,-37,79,3739,8,1,Vehicle,ODI,0,0,0,0,,,2009,2010,2009
,96,1,-34,106,5082,6,2,Vehicle,ODI,0,0,0,0,,,2009,2010,2009
,165,1,-10,27,5724,4,1,Vehicle,ODI,108,6,46,1000,1982,No,2009,2009,2009
,59,1,-25,74,2019,4,1,Vehicle,ODI,0,0,0,0,148,No,2009,2010,2009
,113,1,-4,28,158733,20,1,Vehicle,ODI,293,2,56,327,,,2009,2009,2009
,60,1,-5,135,4498,6,1,Vehicle,ODI,0,0,0,0,16,No,2009,2010,2009
,43,6,-16,78,5920,1,1,Equipment,ODI,0,0,0,0,,,2010,2010,2010
,279,24,-276,180,24447,1,1,Equipment,ODI,0,0,0,0,,,2010,2011,2010
,153,1,-49,-89,1898,1,1,Equipment,ODI,0,0,0,0,,,2010,2010,2010
,124,1,202,70,76000,2,1,Vehicle,ODI,44,0,12,1031,320,No,2009,2009,2010
,232,1,-42,102,308950,6,1,Vehicle,ODI,6418,28,352,119940,176,No,2009,2010,2010
,86,2,-21,121,9,2,1,Vehicle,ODI,0,0,0,0,,,2009,2010,2010
,86,2,-21,122,3057,2,1,Vehicle,ODI,73,0,3,19,,,2009,2010,2010
,148,1,-7,86,14126,1,1,Vehicle,ODI,2138,1,14,7135,141,No,2009,2010,2010
,72,1,-15,130,108147,7,1,Vehicle,ODI,32,3,14,196,498,No,2009,2010,2010
,65,1,-23,6,35,7,1,Vehicle,ODI,0,0,0,0,,,2010,2010,2010
,173,1,-138,26,1050889,10,1,Vehicle,ODI,19754,44,625,275307,400,Yes,2010,2010,2010
,85,1,-31,22,4457,24,1,Vehicle,ODI,0,0,1,1,,,2010,2010,2010
,204,1,-56,48,412000,4,1,Vehicle,ODI,43,1,7,549,294,No,2009,2010,2010
,159,1,148,48,412000,4,1,Vehicle,ODI,43,1,7,549,294,No,2009,2009,2010
,75,1,-20,62,9588,4,1,Vehicle,ODI,0,0,0,0,,,2010,2010,2010
,160,4,-152,-66,4,2,1,Vehicle,ODI,0,0,0,0,,,2010,2010,2010
,482,1,-15,4,40028,2,1,Vehicle,ODI,8160,0,27,12508,1684,Yes,2009,2010,2010
,399,1,-12,42,50000,1,1,Vehicle,ODI,1178,0,18,3947,500,No,2009,2010,2010
,109,6,-23,392,6548,7,1,Vehicle,ODI,0,0,0,0,,,2010,2010,2010
,109,6,-23,392,8971,27,1,Vehicle,ODI,265,2,10,102,,,2010,2010,2010
,103,1,-7,21,1895,6,1,Vehicle,ODI,0,0,1,1,,,2010,2010,2010
,35,2,-23,64,1515,2,1,Vehicle,ODI,0,0,0,0,,,2010,2010,2010
,35,2,-23,64,118,2,1,Vehicle,ODI,0,0,0,0,,,2010,2010,2010
,160,4,-128,0,1,1,1,Vehicle,ODI,0,0,0,0,,,2010,2010,2010
,155,3,-138,5,18,1,1,Vehicle,ODI,0,0,0,0,,,2010,2010,2010
,119,1,-84,18,24825,2,1,Vehicle,ODI,1697,4,110,35216,35,Yes,2010,2010,2010
,287,4,-147,-4,2,2,1,Vehicle,ODI,3998,29,264,83075,,,2010,2010,2010
,287,4,-144,-9,4,4,3,Vehicle,ODI,3748,6,110,31354,,,2010,2010,2010
,287,4,-146,7,13,11,4,Vehicle,ODI,2488,16,205,69798,,,2010,2010,2010
,537,1,-12,70,63788,12,1,Vehicle,ODI,0,0,0,0,,,2009,2010,2010
,43,6,-11,73,3686,6,1,Vehicle,ODI,0,0,0,0,,,2010,2010,2010
,43,6,-11,73,103,9,1,Vehicle,ODI,0,0,0,0,,,2010,2010,2010
,160,4,-71,-138,12,2,1,Vehicle,ODI,0,0,0,0,,,2010,2010,2010
,160,4,-71,1,2,1,1,Vehicle,ODI,0,0,0,0,,,2010,2010,2010
,43,6,-7,69,1,1,1,Vehicle,ODI,0,0,0,0,,,2010,2010,2010
,43,6,-3,65,39,1,1,Vehicle,ODI,0,0,0,0,,,2010,2010,2010
,287,4,-104,1,2,2,1,Vehicle,ODI,3700,20,139,38089,,,2010,2010,2010
,647,1,-70,63,551498,4,1,Vehicle,ODI,180,7,296,27897,674,No,2009,2010,2010
,154,1,-109,34,215000,6,1,Vehicle,ODI,66,3,18,87,880,No,2010,2010,2010
,29,2,-21,95,1128659,8,1,Vehicle,ODI,5771,20,254,100522,269,No,2010,2010,2010
,262,2,7,95,1128659,8,1,Vehicle,ODI,5771,20,254,100522,269,No,2009,2010,2010
,132,1,-27,55,492650,6,1,Vehicle,ODI,14565,31,364,122358,105,No,2010,2010,2010
,155,3,-47,15,64,3,1,Vehicle,ODI,0,1,1,9,,,2010,2010,2010
,29,2,-21,166,161754,4,1,Vehicle,ODI,2378,1,16,7524,269,No,2010,2010,2010
,262,2,7,166,161754,4,1,Vehicle,ODI,2378,1,16,7524,269,No,2009,2010,2010
,43,6,62,-1,3469,4,1,Vehicle,ODI,64,0,2,16,59,Yes,2010,2010,2010
,279,24,-196,154,1364,32,1,Vehicle,ODI,0,0,0,0,,,2010,2011,2010
,279,24,-193,134,16,4,1,Vehicle,ODI,0,0,0,0,,,2010,2011,2010
,155,3,-28,31,54,3,1,Vehicle,ODI,0,0,0,0,,,2010,2010,2010
,279,24,-195,20,136,5,1,Vehicle,ODI,0,0,0,0,,,2010,2011,2010
,279,24,-188,129,562,32,2,Vehicle,ODI,2,0,0,0,,,2010,2011,2010
,279,24,-195,111,30,1,1,Vehicle,ODI,0,0,0,0,,,2010,2011,2010
,718,100,-692,24,1109,3,1,Vehicle,ODI,0,0,0,0,,,2010,2012,2010
,279,24,-187,42,4,1,1,Vehicle,ODI,0,0,0,0,,,2010,2011,2010
,279,24,-188,129,207,2,1,Vehicle,ODI,0,0,0,0,,,2010,2011,2010
,164,2,-140,25,138354,1,1,Vehicle,ODI,9,0,0,0,,,2010,2011,2010
,718,100,-683,15,21,3,1,Vehicle,ODI,0,0,0,0,,,2010,2012,2010
,279,24,-188,129,1494,7,1,Vehicle,ODI,0,0,0,0,,,2010,2011,2010
,718,100,-683,15,420,3,1,Vehicle,ODI,0,0,0,0,,,2010,2012,2010
,718,100,-683,15,14,3,1,Vehicle,ODI,0,0,0,0,,,2010,2012,2010
,718,100,-683,15,649,3,1,Vehicle,ODI,0,0,0,0,,,2010,2012,2010
,718,100,-683,15,575,3,1,Vehicle,ODI,0,0,0,0,,,2010,2012,2010
,279,24,-187,196,435,20,1,Vehicle,ODI,0,0,0,0,,,2010,2011,2010
,718,100,-683,15,321,3,1,Vehicle,ODI,0,0,0,0,,,2010,2012,2010
,175,1,288,79,149992,11,2,Vehicle,ODI,102,24,124,3810,463,No,2009,2009,2010
,312,1,-23,79,149992,11,2,Vehicle,ODI,102,24,124,3810,463,No,2009,2010,2010
,279,24,-188,129,960,63,1,Vehicle,ODI,0,0,0,0,,,2010,2011,2010
,718,100,-678,10,351,3,1,Vehicle,ODI,0,0,0,0,,,2010,2012,2010
,718,100,-679,11,321,3,1,Vehicle,ODI,0,0,0,0,,,2010,2012,2010
,279,24,-186,193,2,1,1,Vehicle,ODI,0,0,0,0,,,2010,2011,2010
,279,24,-178,119,2207,29,1,Vehicle,ODI,0,0,0,0,,,2010,2011,2010
,279,24,-182,18,7,4,1,Vehicle,ODI,0,0,0,0,,,2010,2011,2010
,279,24,-180,138,290,6,1,Vehicle,ODI,0,0,0,0,,,2010,2011,2010
,164,2,-129,10,60,1,1,Vehicle,ODI,19,0,2,42,,,2010,2011,2010
,718,100,-668,0,1026,3,1,Vehicle,ODI,0,0,0,0,,,2010,2012,2010
,718,100,-668,0,1356,3,1,Vehicle,ODI,0,0,0,0,,,2010,2012,2010
,718,100,-663,-5,176,3,1,Vehicle,ODI,0,0,0,0,,,2010,2012,2010
,718,100,-663,-5,354,3,1,Vehicle,ODI,0,0,0,0,,,2010,2012,2010
,718,100,-663,-5,79,3,1,Vehicle,ODI,0,0,0,0,,,2010,2012,2010
,718,100,-663,-5,390,3,1,Vehicle,ODI,0,0,0,0,,,2010,2012,2010
,718,100,-662,-6,4200,3,1,Vehicle,ODI,0,0,0,0,,,2010,2012,2010
,718,100,-662,-6,1200,3,1,Vehicle,ODI,0,0,0,0,,,2010,2012,2010
,279,24,-165,106,394,20,2,Vehicle,ODI,1,0,0,0,,,2010,2011,2010
,718,100,-658,-10,781,3,1,Vehicle,ODI,0,0,0,0,,,2010,2012,2010
,718,100,-658,-10,158,3,1,Vehicle,ODI,0,0,0,0,,,2010,2012,2010
,279,24,-164,105,1399,29,1,Vehicle,ODI,0,0,1,1,,,2010,2011,2010
,718,100,-658,-10,300,3,1,Vehicle,ODI,0,0,0,0,,,2010,2012,2010
,279,24,-154,239,608,12,1,Vehicle,ODI,0,0,0,0,,,2010,2011,2010
,279,24,-152,93,5633,12,1,Vehicle,ODI,5,0,1,1,,,2010,2011,2010
,718,100,-647,-21,573,3,1,Vehicle,ODI,0,0,0,0,,,2010,2012,2010
,718,100,-647,-21,32,3,1,Vehicle,ODI,0,0,0,0,,,2010,2012,2010
,718,100,-647,-21,2135,3,1,Vehicle,ODI,0,0,0,0,,,2010,2012,2010
,718,100,-644,-24,2996,3,1,Vehicle,ODI,0,0,0,0,,,2010,2012,2010
,718,100,-644,-24,2887,3,1,Vehicle,ODI,0,0,0,0,,,2010,2012,2010
,20,1,-7,396,217,6,1,Vehicle,ODI,0,0,1,1,,,2010,2010,2010
,718,100,-640,-28,1190,3,1,Vehicle,ODI,0,0,0,0,,,2010,2012,2010
,718,100,-640,-28,1623,3,1,Vehicle,ODI,0,0,0,0,,,2010,2012,2010
,718,100,-640,-28,3209,3,1,Vehicle,ODI,0,0,0,0,,,2010,2012,2010
,718,100,-636,-32,1709,3,1,Vehicle,ODI,0,0,0,0,,,2010,2012,2010
,279,24,-140,85,12,6,1,Vehicle,ODI,0,0,0,0,,,2010,2011,2010
,279,24,-136,97,552,12,2,Vehicle,ODI,0,0,0,0,,,2010,2011,2010
,77,1,-24,102,2201,14,1,Vehicle,ODI,0,0,0,0,,,2010,2010,2010
,718,100,-612,-56,221,3,1,Vehicle,ODI,0,0,0,0,,,2010,2012,2010
,718,100,-605,-63,577,3,1,Vehicle,ODI,0,0,0,0,,,2010,2012,2010
,279,24,-109,99,57,30,1,Vehicle,ODI,0,0,0,0,,,2010,2011,2010
,95,1,-5,40,143083,2,1,Vehicle,ODI,18,1,5,342,79,No,2010,2010,2010
,143,1,-10,81,12873,26,1,Vehicle,ODI,67,4,3,25,,,2010,2010,2010
,97,5,-83,21,30,6,1,Vehicle,ODI,0,0,0,0,,,2010,2011,2010
,97,5,-89,0,52,6,1,Vehicle,ODI,0,0,0,0,,,2010,2011,2010
,97,5,-77,15,26,4,1,Vehicle,ODI,0,0,0,0,,,2010,2011,2010
,97,5,-76,1,22,2,1,Vehicle,ODI,0,0,0,0,,,2010,2011,2010
,279,24,-98,57,271,14,1,Vehicle,ODI,0,0,0,0,,,2010,2011,2010
,119,1,223,12,794247,55,1,Component,ODI,0,0,0,0,,,2010,2010,2011
247,724,1,-501,12,794247,55,1,Component,ODI,0,0,0,0,,,2010,2012,2011
,463,11,-486,6,44915,1,1,Equipment,ODI,0,0,0,0,,,2011,2012,2011
-304,307,1,-59,52,3873,1,1,Equipment,ODI,0,0,0,0,,,2011,2012,2011
,64,1,-2,7,1196,1,1,Vehicle,ODI,0,0,0,0,,,2010,2011,2011
,718,100,-565,-103,156,3,1,Vehicle,ODI,0,0,0,0,,,2010,2012,2011
,116,1,-35,11,3911,8,1,Vehicle,ODI,0,1,0,3,,,2010,2011,2011
,718,100,-564,-104,1000,3,1,Vehicle,ODI,0,0,0,0,,,2010,2012,2011
,391,23,-350,38,1798,23,2,Vehicle,ODI,0,0,0,0,,,2010,2012,2011
,718,100,-559,-839,370,3,1,Vehicle,ODI,0,0,0,0,,,2010,2012,2011
,718,100,-559,-109,2257,3,1,Vehicle,ODI,0,0,0,0,,,2010,2012,2011
,153,1,37,26,425288,5,1,Vehicle,ODI,13393,24,334,110297,190,No,2010,2010,2011
,87,1,-50,26,425288,5,1,Vehicle,ODI,13393,24,334,110297,190,No,2010,2011,2011
,718,100,-556,-112,3,3,1,Vehicle,ODI,0,0,0,0,,,2010,2012,2011
,718,100,-553,-115,548,3,1,Vehicle,ODI,0,0,0,0,,,2010,2012,2011
,718,100,-553,-115,31,3,1,Vehicle,ODI,0,0,0,0,,,2010,2012,2011
,718,100,-553,-115,5,3,1,Vehicle,ODI,0,0,0,0,,,2010,2012,2011
,718,100,-553,-115,210,3,1,Vehicle,ODI,0,0,0,0,,,2010,2012,2011
,718,100,-553,-115,1042,3,1,Vehicle,ODI,0,0,0,0,,,2010,2012,2011
,718,100,-553,-115,8,3,1,Vehicle,ODI,0,0,0,0,,,2010,2012,2011
,718,100,-553,-115,524,3,1,Vehicle,ODI,0,0,0,0,,,2010,2012,2011
,718,100,-553,-115,224,3,1,Vehicle,ODI,0,0,0,0,,,2010,2012,2011
,718,100,-553,-115,947,3,1,Vehicle,ODI,0,0,0,0,,,2010,2012,2011
,718,100,-553,-115,424,3,1,Vehicle,ODI,0,0,0,0,,,2010,2012,2011
,718,100,-553,-115,262,3,1,Vehicle,ODI,0,0,0,0,,,2010,2012,2011
,718,100,-553,-115,31,3,1,Vehicle,ODI,0,0,0,0,,,2010,2012,2011
,391,23,-353,115,2,1,1,Vehicle,ODI,0,0,0,0,,,2010,2012,2011
,391,23,-354,16,9,8,1,Vehicle,ODI,0,0,0,0,,,2010,2012,2011
,718,100,-553,-115,2900,3,1,Vehicle,ODI,0,0,0,0,,,2010,2012,2011
,718,100,-550,-118,93,3,1,Vehicle,ODI,0,0,0,0,,,2010,2012,2011
,718,100,-550,-118,350,3,1,Vehicle,ODI,0,0,0,0,,,2010,2012,2011
,718,100,-550,-118,718,3,1,Vehicle,ODI,0,0,0,0,,,2010,2012,2011
,391,23,-339,17,888,28,3,Vehicle,ODI,0,0,0,0,,,2010,2012,2011
,279,24,-56,21,740,12,1,Vehicle,ODI,0,0,0,0,,,2010,2011,2011
,391,23,-339,-21,14,2,1,Vehicle,ODI,0,0,0,0,,,2010,2012,2011
,718,100,-549,-119,140,3,1,Vehicle,ODI,0,0,0,0,,,2010,2012,2011
,718,100,-549,-119,173,3,1,Vehicle,ODI,0,0,0,0,,,2010,2012,2011
,718,100,-549,-119,1304,3,1,Vehicle,ODI,0,0,0,0,,,2010,2012,2011
,391,23,-335,-48,158,12,1,Vehicle,ODI,0,0,0,0,,,2010,2012,2011
,391,23,-346,129,88,6,1,Vehicle,ODI,0,0,0,0,,,2010,2012,2011
,391,23,-353,-38,1,1,1,Vehicle,ODI,0,0,0,0,,,2010,2012,2011
,718,100,-545,-123,390,3,1,Vehicle,ODI,0,0,0,0,,,2010,2012,2011
,718,100,-545,-123,397,3,1,Vehicle,ODI,0,0,0,0,,,2010,2012,2011
,391,23,-348,20,1,1,1,Vehicle,ODI,0,0,0,0,,,2010,2012,2011
,391,23,-348,-41,2,2,1,Vehicle,ODI,0,0,0,0,,,2010,2012,2011
,718,100,-544,-124,637,3,1,Vehicle,ODI,0,0,0,0,,,2010,2012,2011
,391,23,-341,-19,761,44,1,Vehicle,ODI,0,0,0,0,,,2010,2012,2011
,391,23,-340,12,25,7,1,Vehicle,ODI,0,0,0,0,,,2010,2012,2011
,97,5,-31,11,175,18,1,Vehicle,ODI,0,0,0,0,,,2010,2011,2011
,718,100,-538,-130,46,3,1,Vehicle,ODI,0,0,0,0,,,2010,2012,2011
,391,23,-356,111,5,4,1,Vehicle,ODI,0,0,0,0,,,2010,2012,2011
,467,1,-61,28,1325000,4,1,Vehicle,ODI,12378,57,500,126963,2,No,2010,2011,2011
,117,1,400,28,1325000,4,1,Vehicle,ODI,12378,57,500,126963,2,No,2009,2010,2011
,718,100,-530,-138,270,3,1,Vehicle,ODI,0,0,0,0,,,2010,2012,2011
,378,3,-5,71,769379,18,1,Vehicle,ODI,5283,10,87,26011,207,No,2010,2011,2011
,378,3,-5,48,1363244,16,1,Vehicle,ODI,15611,11,241,107010,,,2010,2011,2011
,718,100,-530,-138,284,3,1,Vehicle,ODI,0,0,0,0,,,2010,2012,2011
,378,3,-5,14,19647,4,1,Vehicle,ODI,0,0,0,0,1790,No,2010,2011,2011
,718,100,-530,-138,2,3,1,Vehicle,ODI,0,0,0,0,,,2010,2012,2011
,718,100,-530,-138,650,3,1,Vehicle,ODI,0,0,0,0,,,2010,2012,2011
,718,100,-529,-139,1027,3,1,Vehicle,ODI,0,0,0,0,,,2010,2012,2011
,718,100,-529,-139,102,3,1,Vehicle,ODI,0,0,0,0,,,2010,2012,2011
,718,100,-529,-139,62,3,1,Vehicle,ODI,0,0,0,0,,,2010,2012,2011
,718,100,-529,-139,267,3,1,Vehicle,ODI,0,0,0,0,,,2010,2012,2011
,718,100,-528,-140,267,3,1,Vehicle,ODI,0,0,0,0,,,2010,2012,2011
,718,100,-524,-144,34,3,1,Vehicle,ODI,0,0,0,0,,,2010,2012,2011
,718,100,-524,-144,75,3,1,Vehicle,ODI,0,0,0,0,,,2010,2012,2011
,65,1,-20,249,2013,3,1,Vehicle,ODI,52,1,4,44,,,2011,2011,2011
,391,23,-314,-7,2,2,1,Vehicle,ODI,0,0,0,0,,,2010,2012,2011
,391,23,-314,3,1,1,1,Vehicle,ODI,0,0,0,0,,,2010,2012,2011
,391,23,-314,13,38,7,1,Vehicle,ODI,0,0,0,0,,,2010,2012,2011
,134,1,-27,14,70115,3,1,Vehicle,ODI,94,1,39,822,1455,No,2010,2011,2011
,718,100,-517,-151,1077,3,1,Vehicle,ODI,0,0,0,0,,,2010,2012,2011
,718,100,-517,-151,67,3,1,Vehicle,ODI,0,0,0,0,,,2010,2012,2011
,718,100,-518,-150,2115,3,1,Vehicle,ODI,0,0,0,0,,,2010,2012,2011
,718,100,-514,-154,150,3,1,Vehicle,ODI,0,0,0,0,,,2010,2012,2011
,718,100,-515,-153,49,3,1,Vehicle,ODI,0,0,0,0,,,2010,2012,2011
,718,100,-515,-153,84,3,1,Vehicle,ODI,0,0,0,0,,,2010,2012,2011
,718,100,-515,-153,1110,3,1,Vehicle,ODI,0,0,0,0,,,2010,2012,2011
,391,23,-307,-18,3,3,1,Vehicle,ODI,0,0,0,0,,,2010,2012,2011
,718,100,-496,-172,2495,3,1,Vehicle,ODI,0,0,0,0,,,2010,2012,2011
,718,100,-496,-172,185,3,1,Vehicle,ODI,0,0,0,0,,,2010,2012,2011
,718,100,-496,-172,80,3,1,Vehicle,ODI,0,0,0,0,,,2010,2012,2011
,134,1,-34,203,136751,5,1,Vehicle,ODI,0,0,0,0,197,No,2010,2011,2011
,174,1,-27,60,808,6,1,Vehicle,ODI,0,0,0,0,,,2010,2011,2011
,718,100,-490,-178,1155,3,1,Vehicle,ODI,0,0,0,0,,,2010,2012,2011
,109,6,324,45,5,4,1,Vehicle,ODI,2,0,0,0,,,2010,2010,2011
,391,23,-276,-1,2,1,1,Vehicle,ODI,0,0,0,0,,,2010,2012,2011
,391,23,-272,0,2,1,1,Vehicle,ODI,0,0,0,0,,,2010,2012,2011
,391,23,-272,-15,5486,89,1,Vehicle,ODI,0,0,0,0,,,2010,2012,2011
,718,100,-475,-193,552,3,1,Vehicle,ODI,0,0,0,0,,,2010,2012,2011
,153,1,-71,127,195991,16,1,Vehicle,ODI,550,15,63,1713,190,No,2011,2011,2011
,109,6,333,40,68,4,2,Vehicle,ODI,0,0,0,0,,,2010,2010,2011
,33,2,-15,36,12690,1,1,Vehicle,ODI,26,0,2,38,345,No,2011,2011,2011
,33,2,-12,63,5876,1,1,Vehicle,ODI,20,0,3,84,,,2011,2011,2011
,109,6,345,28,25,4,1,Vehicle,ODI,0,0,0,0,,,2010,2010,2011
,718,100,-461,-207,1781,3,1,Vehicle,ODI,0,0,0,0,,,2010,2012,2011
,391,23,-249,20,668,8,1,Vehicle,ODI,0,0,0,0,,,2010,2012,2011
,73,1,-40,-106,2342,4,1,Vehicle,ODI,110,0,0,0,,,2011,2011,2011
,463,11,-364,14,1522,1,1,Vehicle,MFR,0,0,0,0,,,2011,2012,2011
,109,6,388,-19,1309,10,1,Vehicle,ODI,0,0,0,0,,,2010,2010,2011
,155,1,-21,190,82273,4,1,Vehicle,ODI,0,0,0,0,134,Yes,2011,2011,2011
427,308,1,-215,89,242780,19,1,Vehicle,ODI,0,0,2,22,1238,No,2011,2012,2011
,718,100,-384,-284,200,3,1,Vehicle,ODI,0,0,0,0,,,2010,2012,2011
,718,100,-384,-284,713,3,1,Vehicle,ODI,0,0,0,0,,,2010,2012,2011
,718,100,-377,-291,16,3,1,Vehicle,ODI,0,0,0,0,,,2010,2012,2011
,718,100,-377,-291,23,3,1,Vehicle,ODI,0,0,0,0,,,2010,2012,2011
,158,1,-10,32,6803,75,1,Vehicle,ODI,1,1,21,19,,,2011,2011,2011
,107,1,-21,45,1100000,13,1,Vehicle,ODI,31648,175,1016,368321,325,No,2011,2011,2011
,718,100,-371,-297,5,3,1,Vehicle,ODI,0,0,0,0,,,2010,2012,2011
,238,1,-21,22,408,14,2,Vehicle,ODI,0,0,0,0,,,2010,2011,2011
,718,100,-357,54,224,3,1,Vehicle,ODI,0,0,0,0,,,2010,2012,2011
,718,100,-349,-319,131,3,1,Vehicle,ODI,0,0,0,0,,,2010,2012,2011
,649,1,-33,173,241000,16,1,Vehicle,ODI,0,0,2,35,2613,No,2009,2011,2011
,137,1,612,173,241000,16,1,Vehicle,ODI,0,0,2,35,2613,No,2009,2009,2011
,391,23,-136,24,7,5,2,Vehicle,ODI,0,0,0,0,,,2010,2012,2011
428,562,2,-413,23,80111,1,1,Vehicle,ODI,27,2,16,870,2164,No,2011,2012,2011
,144,1,145,23,80111,1,1,Vehicle,ODI,27,2,16,870,2164,No,2010,2011,2011
,169,1,-17,116,318215,14,2,Vehicle,ODI,882,20,201,3558,215,No,2011,2011,2011
,156,1,-21,22,725,7,1,Vehicle,ODI,0,0,0,0,,,2011,2011,2011
,676,1,-19,23,10631,2,1,Vehicle,ODI,78,0,10,217,1651,Yes,2009,2011,2011
,228,5,-185,0,43,6,1,Vehicle,ODI,0,0,0,0,,,2011,2012,2011
,228,5,-179,18,4,1,1,Vehicle,ODI,0,0,0,0,,,2011,2012,2011
,391,23,-103,0,1,1,1,Vehicle,ODI,0,0,0,0,,,2010,2012,2011
,228,5,-168,-6,290,2,1,Vehicle,ODI,0,0,0,0,,,2011,2012,2011
,122,1,-60,43,168275,10,1,Vehicle,ODI,11,0,3,24,609,Yes,2011,2011,2011
,718,100,-293,-375,13,3,1,Vehicle,ODI,0,0,0,0,,,2010,2012,2011
,463,11,-224,28,11,9,1,Vehicle,ODI,0,0,0,0,,,2011,2012,2011
154,143,1,-107,58,3109,3,1,Vehicle,ODI,0,0,0,0,,,2011,2012,2011
202,140,1,-104,70,700,5,1,Vehicle,ODI,0,0,0,0,,,2011,2012,2011
,108,2,-20,,5041,6,1,Vehicle,ODI,0,0,0,0,,,2011,2011,2011
,168,2,-5,,5437,5,1,Vehicle,ODI,0,0,0,0,171,No,2011,2011,2011
,718,100,-278,-390,305,3,1,Vehicle,ODI,0,0,0,0,,,2010,2012,2011
,463,11,-197,55,10,2,1,Vehicle,ODI,0,0,0,0,,,2011,2012,2011
,228,5,-130,-2,257,2,1,Vehicle,ODI,0,0,0,0,,,2011,2012,2011
,463,11,-192,-42,68,6,1,Vehicle,ODI,0,0,0,0,,,2011,2012,2011
,463,11,-176,-15,1204,35,2,Vehicle,ODI,0,0,0,0,,,2011,2012,2011
261,178,1,-44,42,128616,4,1,Vehicle,ODI,2500,0,53,9218,479,No,2011,2012,2011
,186,1,134,42,128616,4,1,Vehicle,ODI,2500,0,53,9218,479,No,2011,2011,2011
,463,11,-169,75,850,26,1,Vehicle,ODI,0,0,0,0,,,2011,2012,2011
,228,5,-82,49,3,1,1,Vehicle,ODI,0,0,0,0,,,2011,2012,2011
,147,12,0,53,21412,6,1,Equipment,ODI,0,0,0,0,,,2011,2012,2012
,156,4,-37,462,661,1,1,Equipment,ODI,0,0,0,0,,,2012,2012,2012
,313,8,-144,27,36,1,1,Equipment,ODI,0,0,0,0,,,2012,2012,2012
,27,1,-8,21,36,1,1,Equipment,ODI,0,0,0,0,,,2012,2012,2012
,463,11,-140,-1,125,10,1,Vehicle,ODI,0,0,0,0,,,2011,2012,2012
930,776,2,-51,162,244530,2,1,Vehicle,ODI,7861,7,168,58152,1730,No,2010,2012,2012
747,814,1,-24,172,206452,4,1,Vehicle,ODI,4795,9,96,30390,908,No,2009,2012,2012
734,244,3,-152,49,90368,19,1,Vehicle,ODI,0,0,0,0,940,No,2011,2012,2012
,463,11,-133,1,1407,48,1,Vehicle,ODI,0,0,0,0,,,2011,2012,2012
930,776,2,-40,154,52390,2,1,Vehicle,ODI,117,5,18,184,1741,No,2010,2012,2012
7,185,1,-18,71,120,9,1,Vehicle,ODI,0,0,0,0,,,2011,2012,2012
245,416,1,-168,35,1701,9,1,Vehicle,ODI,0,0,0,0,,,2011,2012,2012
,463,11,-113,48,133,10,1,Vehicle,ODI,0,0,0,0,,,2011,2012,2012
661,159,1,-13,25,45747,2,1,Vehicle,ODI,118,0,14,347,146,Yes,2011,2012,2012
,313,8,-290,-10,19,4,1,Vehicle,ODI,0,0,0,0,,,2012,2012,2012
-387,1098,1,-35,20,1349,3,1,Vehicle,ODI,0,0,0,0,1170,No,2009,2012,2012
414,181,1,-9,21,346900,4,1,Vehicle,ODI,6521,16,136,45905,322,No,2011,2012,2012
672,99,1,-16,52,8120,2,1,Vehicle,ODI,22,0,1,27,83,No,2011,2012,2012
,718,100,-140,-528,2958,3,1,Vehicle,ODI,0,0,0,0,,,2010,2012,2012
,718,100,-140,-528,380,3,1,Vehicle,ODI,0,0,0,0,,,2010,2012,2012
,718,100,-139,-529,91,3,1,Vehicle,ODI,0,0,0,0,,,2010,2012,2012
,718,100,-146,-522,5,3,1,Vehicle,ODI,0,0,0,0,,,2010,2012,2012
,718,100,-139,-529,16,3,1,Vehicle,ODI,0,0,0,0,,,2010,2012,2012
,718,100,-139,-529,1023,3,1,Vehicle,ODI,0,0,0,0,,,2010,2012,2012
,718,100,-139,-529,230,3,1,Vehicle,ODI,0,0,0,0,,,2010,2012,2012
,526,39,-511,28,5,1,1,Vehicle,ODI,0,0,0,0,,,2012,2013,2012
,526,39,-511,22,3,3,1,Vehicle,ODI,0,0,0,0,,,2012,2013,2012
,718,100,-137,-531,5,3,1,Vehicle,ODI,0,0,0,0,,,2010,2012,2012
,718,100,-137,-531,3164,3,1,Vehicle,ODI,0,0,0,0,,,2010,2012,2012
,718,100,-137,-531,26,3,1,Vehicle,ODI,0,0,0,0,,,2010,2012,2012
,718,100,-137,-531,1878,3,1,Vehicle,ODI,0,0,0,0,,,2010,2012,2012
,718,100,-137,-531,6,3,1,Vehicle,ODI,0,0,0,0,,,2010,2012,2012
,718,100,-139,-529,188,3,1,Vehicle,ODI,0,0,0,0,,,2010,2012,2012
,718,100,-136,-532,1194,3,1,Vehicle,ODI,0,0,0,0,,,2010,2012,2012
,718,100,-139,-529,12,3,1,Vehicle,ODI,0,0,0,0,,,2010,2012,2012
1805,371,1,-171,28,1375217,8,1,Vehicle,ODI,585,19,485,45172,336,No,2011,2012,2012
,526,39,-500,-87,1,1,1,Vehicle,ODI,0,0,0,0,,,2012,2013,2012
,526,39,-498,-9,5,2,1,Vehicle,ODI,0,0,0,0,,,2012,2013,2012
,147,12,61,15,42,2,1,Vehicle,ODI,0,0,0,0,,,2011,2012,2012
,526,39,-493,-11,7,6,1,Vehicle,ODI,0,0,0,0,,,2012,2013,2012
,147,12,62,21,125,9,1,Vehicle,ODI,0,0,0,0,,,2011,2012,2012
,526,39,-493,22,1,1,1,Vehicle,ODI,0,0,0,0,,,2012,2013,2012
,526,39,-493,-7,14,1,1,Vehicle,ODI,0,0,0,0,,,2012,2013,2012
,718,100,-118,-550,626,3,1,Vehicle,ODI,0,0,0,0,,,2010,2012,2012
734,244,3,-62,20,2846,6,1,Vehicle,ODI,0,0,0,0,55,Yes,2011,2012,2012
,526,39,-492,0,1,1,1,Vehicle,ODI,0,0,0,0,,,2012,2013,2012
,147,12,69,0,761,10,1,Vehicle,ODI,0,0,0,0,,,2011,2012,2012
734,244,3,-62,29,69,2,1,Vehicle,ODI,0,0,0,0,,,2011,2012,2012
,526,39,-489,-7,2,1,1,Vehicle,ODI,0,0,0,0,,,2012,2013,2012
,526,39,-493,29,20,2,1,Vehicle,ODI,0,0,0,0,,,2012,2013,2012
,526,39,-484,0,2,2,1,Vehicle,ODI,0,0,0,0,,,2012,2013,2012
,526,39,-483,-2,194,1,1,Vehicle,ODI,0,0,0,0,,,2012,2013,2012
,463,11,-31,,231,1,1,Vehicle,ODI,0,0,0,0,,,2011,2012,2012
,526,39,-478,49,4,4,1,Vehicle,ODI,0,0,0,0,,,2012,2013,2012
,526,39,-478,0,23,1,1,Vehicle,ODI,0,0,0,0,,,2012,2013,2012
,147,12,90,12,2802,25,1,Vehicle,ODI,0,0,0,0,,,2011,2012,2012
,526,39,-463,-8,2,2,1,Vehicle,ODI,0,0,0,0,,,2012,2013,2012
,526,39,-463,47,4,3,1,Vehicle,ODI,0,0,0,0,,,2012,2013,2012
,526,39,-462,6,24,1,1,Vehicle,ODI,0,0,0,0,,,2012,2013,2012
,526,39,-461,19,2,2,1,Vehicle,ODI,0,0,0,0,,,2012,2013,2012
,526,39,-463,13,2,2,1,Vehicle,ODI,0,0,0,0,,,2012,2013,2012
,526,39,-461,33,7,6,1,Vehicle,ODI,0,0,0,0,,,2012,2013,2012
,526,39,-457,35,10,9,1,Vehicle,ODI,0,0,0,0,,,2012,2013,2012
288,132,1,-83,61,65246,1,1,Vehicle,ODI,0,0,0,0,49,No,2012,2012,2012
,526,39,-455,-97,2,2,1,Vehicle,ODI,0,0,0,0,,,2012,2013,2012
,526,39,-457,-14,2,2,1,Vehicle,ODI,0,0,0,0,,,2012,2013,2012
,526,39,-456,47,12,1,1,Vehicle,ODI,0,0,0,0,,,2012,2013,2012
,147,12,104,42,890,20,2,Vehicle,ODI,0,0,0,0,,,2011,2012,2012
,147,12,104,43,100,20,2,Vehicle,ODI,0,0,0,0,,,2011,2012,2012
,526,39,-457,-4,1,1,1,Vehicle,ODI,0,0,0,0,,,2012,2013,2012
,526,39,-450,16,5,2,1,Vehicle,ODI,0,0,0,0,,,2012,2013,2012
,526,39,-448,-49,1,1,1,Vehicle,ODI,0,0,0,0,,,2012,2013,2012
,526,39,-448,-17,4,1,1,Vehicle,ODI,0,0,0,0,,,2012,2013,2012
,718,100,-74,-594,69,3,1,Vehicle,ODI,0,0,0,0,,,2010,2012,2012
,526,39,-450,9,1,1,1,Vehicle,ODI,0,0,0,0,,,2012,2013,2012
43,182,7,-79,161,2287,16,2,Vehicle,ODI,0,0,0,0,,,2012,2012,2012
,526,39,-441,-1,2,1,1,Vehicle,ODI,0,0,0,0,,,2012,2013,2012
,147,12,123,-1,4,3,1,Vehicle,ODI,189,0,59,37,,,2011,2012,2012
,147,12,125,15,238,8,1,Vehicle,ODI,0,0,0,0,,,2011,2012,2012
,147,12,122,21,278,6,1,Vehicle,ODI,0,0,0,0,,,2011,2012,2012
,526,39,-426,-2,3,2,1,Vehicle,ODI,0,0,0,0,,,2012,2013,2012
,718,100,-53,-617,96,3,1,Vehicle,ODI,0,0,0,0,,,2010,2012,2012
,526,39,-422,-5,2,2,1,Vehicle,ODI,0,0,0,0,,,2012,2013,2012
43,182,7,-60,,63,7,1,Vehicle,ODI,2,0,1,4,,,2012,2012,2012
43,182,7,-59,,90,4,1,Vehicle,ODI,0,0,0,0,,,2012,2012,2012
,595,17,-531,51,1627,15,2,Vehicle,ODI,0,0,0,0,,,2012,2013,2012
52,113,1,-27,18,413148,2,1,Vehicle,ODI,2807,4,117,52528,85,No,2012,2012,2012
,595,17,-528,74,2,1,1,Vehicle,ODI,0,0,0,0,,,2012,2013,2012
,595,17,-528,53,2209,30,2,Vehicle,ODI,0,0,0,0,,,2012,2013,2012
43,182,7,-43,,1,1,1,Vehicle,ODI,0,0,0,0,,,2012,2012,2012
,718,100,-32,-638,333,3,1,Vehicle,ODI,0,0,0,0,,,2010,2012,2012
,595,17,-511,7,381,21,1,Vehicle,ODI,0,0,0,0,,,2012,2013,2012
,147,12,157,7,381,21,1,Vehicle,ODI,0,0,0,0,,,2011,2012,2012
,595,17,-521,-91,1,1,1,Vehicle,ODI,323,0,1,194,,,2012,2013,2012
43,182,7,-59,,1304,10,1,Vehicle,ODI,0,0,0,0,,,2012,2012,2012
,93,4,-79,36,361,11,1,Vehicle,ODI,0,0,0,0,,,2012,2012,2012
,526,39,-393,-1,10,1,1,Vehicle,ODI,0,0,0,0,,,2012,2013,2012
,595,17,-501,68,4,4,1,Vehicle,ODI,0,0,0,0,,,2012,2013,2012
,93,4,-67,8,2,2,1,Vehicle,ODI,0,0,0,0,,,2012,2012,2012
2663,219,2,-210,8,529719,4,1,Vehicle,ODI,14461,19,373,125024,177,No,2012,2013,2012
,595,17,-495,51,2215,20,1,Vehicle,ODI,0,0,0,0,,,2012,2013,2012
2663,219,2,-209,48,217500,7,1,Vehicle,ODI,401,11,55,489,10,No,2012,2013,2012
,93,4,-65,6,11,2,1,Vehicle,ODI,0,0,0,0,,,2012,2012,2012
43,182,7,-18,,443,20,1,Vehicle,ODI,0,0,0,0,,,2012,2012,2012
43,182,7,-17,,70,2,1,Vehicle,ODI,0,0,0,0,,,2012,2012,2012
,101,2,-42,120,780584,7,1,Vehicle,ODI,13264,5,309,127985,59,No,2012,2012,2012
,526,39,-377,18,2,2,1,Vehicle,ODI,0,0,0,0,,,2012,2013,2012
,93,4,-56,14,90,10,1,Vehicle,ODI,0,0,0,0,,,2012,2012,2012
,166,7,-125,108,12,8,1,Vehicle,ODI,0,0,0,0,,,2012,2012,2012
1028,246,1,-8,54,9389,4,1,Vehicle,ODI,0,0,0,0,238,No,2011,2012,2012
,166,7,-122,40,18,5,1,Vehicle,ODI,0,0,0,0,,,2012,2012,2012
,595,17,-475,30,577,15,1,Vehicle,ODI,0,0,0,0,,,2012,2013,2012
,87,1,-35,130,1663,24,1,Vehicle,ODI,437,1,21,148,,,2012,2012,2012
1582,375,2,-309,194,278174,10,2,Vehicle,ODI,1431,1,23,7665,189,No,2012,2013,2012
,119,1,-51,24,302,1,1,Vehicle,ODI,0,0,0,0,,,2012,2012,2012
,166,7,-109,1,146,4,1,Vehicle,ODI,0,0,0,0,,,2012,2012,2012
,166,7,-104,105,143,17,1,Vehicle,ODI,0,0,0,0,,,2012,2012,2012
,313,8,-104,90,32,4,2,Vehicle,ODI,0,0,0,0,,,2012,2012,2012
,313,8,-104,365,63,9,1,Vehicle,ODI,0,0,0,0,,,2012,2012,2012
,313,8,-102,19,34,6,1,Vehicle,ODI,0,0,0,0,,,2012,2012,2012
,595,17,-454,45,1219,6,1,Vehicle,ODI,0,0,0,0,,,2012,2013,2012
,313,8,-97,-1,2,1,1,Vehicle,ODI,0,0,0,0,,,2012,2012,2012
,595,17,-458,-2,472,5,1,Vehicle,ODI,0,0,0,0,,,2012,2013,2012
,595,17,-451,38,605,18,1,Vehicle,ODI,0,0,0,0,,,2012,2013,2012
,595,17,-447,3,435,15,1,Vehicle,ODI,0,0,0,0,,,2012,2013,2012
,595,17,-447,16,928,6,1,Vehicle,ODI,0,0,0,0,,,2012,2013,2012
,595,17,-447,37,63,4,1,Vehicle,ODI,0,0,0,0,,,2012,2013,2012
,156,4,27,15,187,7,1,Vehicle,ODI,0,0,0,0,,,2012,2012,2012
,595,17,-445,32,355,15,1,Vehicle,ODI,0,0,0,0,,,2012,2013,2012
,313,8,-89,43,28,9,1,Vehicle,ODI,0,0,0,0,,,2012,2012,2012
,156,4,38,,163,3,1,Vehicle,ODI,0,0,0,0,,,2012,2012,2012
,156,4,39,386,102,6,1,Vehicle,ODI,0,0,0,0,,,2012,2012,2012
42,169,2,-5,82,1168,26,1,Vehicle,ODI,11,0,1,5,,,2012,2012,2012
686,229,2,-154,258,44300,4,1,Vehicle,ODI,0,0,0,0,75,No,2012,2013,2012
42,169,2,-5,85,20902,16,1,Vehicle,ODI,477,5,140,107,,,2012,2012,2012
,203,1,-9,59,381,3,1,Vehicle,ODI,0,0,0,0,,,2012,2012,2012
428,562,2,-19,28,268655,5,1,Vehicle,ODI,342,7,174,15481,683,No,2011,2012,2012
801,243,1,-125,26,2519424,24,2,Vehicle,ODI,38352,108,2447,1185375,247,Yes,2012,2013,2012
1847,289,1,-99,154,45500,14,1,Vehicle,ODI,0,0,0,0,1364,No,2012,2013,2012
,166,7,-48,0,10,2,1,Vehicle,ODI,0,0,0,0,,,2012,2012,2012
,166,7,-40,,3,3,1,Vehicle,ODI,0,0,0,0,,,2012,2012,2012
2690,191,1,469,5,9,3,1,Vehicle,ODI,0,0,0,0,,,2011,2011,2012
,501,2,-9,5,9,3,1,Vehicle,ODI,0,0,0,0,,,2011,2012,2012
,166,7,-17,48,2200,46,1,Vehicle,ODI,0,0,0,0,,,2012,2012,2012
133,357,1,-42,39,977,3,1,Vehicle,ODI,0,0,0,0,,,2012,2013,2012
,313,8,-7,86,42,4,2,Vehicle,ODI,0,0,0,0,,,2012,2012,2012
101,142,2,-76,46,13500,1,1,Vehicle,ODI,0,0,1,21,53,No,2012,2013,2012
2079,104,1,-34,73,807161,8,1,Vehicle,ODI,355,6,156,12638,70,No,2012,2013,2012
,595,17,-355,11,227,11,3,Vehicle,ODI,490,2,19,76,,,2012,2013,2012
,220,14,-135,29,3003,1,1,Equipment,ODI,0,0,0,0,,,2012,2013,2013
,220,14,-73,113,416,1,1,Equipment,ODI,0,0,0,0,,,2012,2013,2013
,78,3,-64,41,7,1,1,Equipment,ODI,0,0,0,0,,,2013,2013,2013
,78,3,-44,5,624,4,1,Equipment,ODI,0,0,0,0,,,2013,2013,2013
,78,3,,,,,,,,,,,,,,2013,2013,
,204,76,-175,35,4761,1,1,Equipment,ODI,0,0,0,0,,,2013,2014,2013
,204,76,-171,31,4231,1,1,Equipment,ODI,0,0,0,0,,,2013,2014,2013
,220,14,97,47,14383,1,1,Equipment,ODI,0,0,0,0,,,2012,2013,2013
,204,76,-133,-6,528228,1,1,Equipment,ODI,0,0,0,0,,,2013,2014,2013
,404,2,-531,20,4167,4,1,Vehicle,ODI,3752,0,117,50595,86,No,2013,2014,2013
812,94,1,-7,23,8700,1,1,Vehicle,ODI,0,0,0,0,,,2012,2013,2013
686,229,2,-27,274,278674,9,1,Vehicle,ODI,0,0,0,0,202,No,2012,2013,2013
,108,2,460,27,451,4,1,Vehicle,ODI,0,0,0,0,,,2011,2011,2013
101,142,2,-2,38,6071,1,1,Vehicle,ODI,0,0,1,21,,,2012,2013,2013
,220,14,-140,13,171,2,1,Vehicle,ODI,0,0,0,0,,,2012,2013,2013
,86,1,-38,56,161,6,1,Vehicle,ODI,10,0,1,5,,,2013,2013,2013
349,374,1,-56,21,196667,8,1,Vehicle,ODI,8077,10,121,35065,570,No,2012,2013,2013
,220,14,,,,,,,,,,,,,,2012,2013,
42,36,1,-15,39,183576,4,1,Vehicle,ODI,160,3,32,2067,283,No,2013,2013,2013
129,452,1,-252,22,186250,3,1,Vehicle,ODI,42,0,8,193,329,No,2012,2013,2013
466,200,1,-30,107,20799,2,1,Vehicle,ODI,0,0,0,0,562,Yes,2012,2013,2013
,526,39,-128,9,51,2,1,Vehicle,ODI,0,0,0,0,,,2012,2013,2013
,220,14,-92,,40,7,1,Vehicle,ODI,0,0,0,0,,,2012,2013,2013
,220,14,-92,60,532,3,1,Vehicle,ODI,0,0,0,0,,,2012,2013,2013
,220,14,-88,8,10,2,1,Vehicle,ODI,0,0,0,0,,,2012,2013,2013
,220,14,-86,19,10,3,1,Vehicle,ODI,0,0,0,0,,,2012,2013,2013
,220,14,-81,,701,6,1,Vehicle,ODI,0,0,0,0,,,2012,2013,2013
,220,14,-81,,331,3,1,Vehicle,ODI,0,0,0,0,,,2012,2013,2013
,155,30,-210,14,6561,34,1,Vehicle,ODI,0,0,0,0,,,2013,2013,2013
,220,14,-78,,11,4,1,Vehicle,ODI,0,0,0,0,,,2012,2013,2013
,155,30,-197,24,5,1,1,Vehicle,ODI,0,0,0,0,,,2013,2013,2013
,168,2,547,34,5440,5,1,Vehicle,ODI,0,0,0,0,723,No,2011,2011,2013
,155,30,-196,13,890,18,1,Vehicle,ODI,0,0,2,4,,,2013,2013,2013
,526,39,-98,37,9,1,1,Vehicle,ODI,0,0,0,0,,,2012,2013,2013
,526,39,-94,,4,1,1,Vehicle,ODI,0,0,0,0,,,2012,2013,2013
,341,12,-371,24,169,7,1,Vehicle,ODI,0,0,0,0,,,2013,2014,2013
,147,3,-223,30,441,10,1,Vehicle,ODI,0,0,0,0,,,2013,2013,2013
,155,30,-186,73,9526,84,1,Vehicle,ODI,0,0,0,0,,,2013,2013,2013
,220,14,-57,0,52,4,1,Vehicle,ODI,0,0,0,0,,,2012,2013,2013
,526,39,-90,0,3,1,1,Vehicle,ODI,0,0,0,0,,,2012,2013,2013
,181,1,-17,11,6,1,1,Vehicle,ODI,0,0,0,0,,,2012,2013,2013
1582,375,2,-8,50,193652,13,2,Vehicle,ODI,2304,1,27,8536,,,2012,2013,2013
5817,885,1,-513,408,1560000,12,1,Vehicle,ODI,13761,39,499,172725,16,No,2012,2014,2013
,341,12,-333,41,58,7,1,Vehicle,ODI,0,0,0,0,,,2013,2014,2013
,341,12,-334,13,17,2,1,Vehicle,ODI,0,0,0,0,,,2013,2014,2013
,341,12,-333,,37,21,1,Vehicle,ODI,15917,23,107,18757,,,2013,2014,2013
,341,12,-330,,132,1,1,Vehicle,ODI,0,0,0,0,,,2013,2014,2013
,146,1,-7,61,23056,40,1,Vehicle,ODI,0,0,0,0,,,2013,2013,2013
,341,12,-328,26,2,2,1,Vehicle,ODI,0,0,0,0,,,2013,2014,2013
,155,30,-145,28,2,1,1,Vehicle,ODI,0,0,0,0,,,2013,2013,2013
,155,30,-146,12,1,1,1,Vehicle,ODI,0,0,0,0,,,2013,2013,2013
,155,30,-144,27,11,2,1,Vehicle,ODI,0,0,0,0,,,2013,2013,2013
,155,30,-145,-64,4,1,1,Vehicle,ODI,0,0,0,0,,,2013,2013,2013
,155,30,-141,58,36,2,1,Vehicle,ODI,0,0,0,0,,,2013,2013,2013
,155,30,-140,-1,1,1,1,Vehicle,ODI,0,0,0,0,,,2013,2013,2013
,155,30,-140,20,10,1,1,Vehicle,ODI,0,0,0,0,,,2013,2013,2013
,341,12,-319,17,2,2,1,Vehicle,ODI,0,0,0,0,,,2013,2014,2013
,155,30,-137,20,34,1,1,Vehicle,ODI,0,0,0,0,,,2013,2013,2013
,341,12,-319,-4,1,1,1,Vehicle,ODI,0,0,0,0,,,2013,2014,2013
,341,12,-316,-3,4,8,1,Vehicle,ODI,0,0,0,0,,,2013,2014,2013
,155,30,-127,65,49,2,1,Vehicle,ODI,0,0,0,0,,,2013,2013,2013
,155,30,-132,34,5,4,1,Vehicle,ODI,0,0,0,0,,,2013,2013,2013
,155,30,-126,42,8,6,1,Vehicle,ODI,0,0,0,0,,,2013,2013,2013
,147,3,-154,112,662,12,1,Vehicle,ODI,571,4,108,72,,,2013,2013,2013
,155,30,-119,-95,2,2,1,Vehicle,ODI,0,0,0,0,,,2013,2013,2013
,341,12,-305,18,14,3,1,Vehicle,ODI,0,0,0,0,,,2013,2014,2013
126,92,1,-53,7,11097,1,1,Vehicle,ODI,0,0,0,0,,,2013,2013,2013
,155,30,-110,14,5,3,1,Vehicle,ODI,0,0,0,0,,,2013,2013,2013
,155,30,-104,-96,45,12,1,Vehicle,ODI,0,0,0,0,,,2013,2013,2013
,155,30,-104,-96,4,1,1,Vehicle,ODI,0,0,0,0,,,2013,2013,2013
,164,1,-16,115,17824,8,1,Vehicle,ODI,0,0,0,0,,,2013,2013,2013
,155,30,-103,27,4,4,1,Vehicle,ODI,0,0,0,0,,,2013,2013,2013
481,148,1,-8,59,364502,11,1,Vehicle,ODI,238,5,111,2959,119,No,2013,2013,2013
86,77,1,-39,38,20300,1,1,Vehicle,ODI,0,0,0,0,393,Yes,2013,2013,2013
,155,30,-103,18,204,30,1,Vehicle,ODI,0,0,0,0,,,2013,2013,2013
,341,12,-280,-7,1,1,1,Vehicle,ODI,0,0,0,0,,,2013,2014,2013
,155,30,-97,26,16,13,1,Vehicle,ODI,0,0,0,0,,,2013,2013,2013
,155,30,-97,69,52,1,1,Vehicle,ODI,0,0,0,0,,,2013,2013,2013
,155,30,-96,32,125,6,1,Vehicle,ODI,0,0,0,0,,,2013,2013,2013
,161,2,-11,64,8,6,1,Vehicle,ODI,0,0,0,0,,,2013,2013,2013
,161,2,-11,61,237,6,1,Vehicle,ODI,0,0,0,0,,,2013,2013,2013
,155,30,,,,,,,,,,,,,,2013,2013,
,155,30,-91,-6,4,4,1,Vehicle,ODI,0,0,0,0,,,2013,2013,2013
,155,30,-95,60,129,4,1,Vehicle,ODI,0,0,0,0,,,2013,2013,2013
,155,30,-91,17,17,1,1,Vehicle,ODI,0,0,0,0,,,2013,2013,2013
,341,12,-270,-7,1,1,1,Vehicle,ODI,0,0,0,0,,,2013,2014,2013
,158,1,-11,-30,37,3,1,Vehicle,ODI,0,0,0,0,,,2013,2013,2013
,101,2,349,-1,780584,7,1,Vehicle,ODI,16930,5,409,166946,450,No,2012,2012,2013
,155,30,-84,,1,1,1,Vehicle,ODI,0,0,0,0,,,2013,2013,2013
995,203,1,-78,55,355000,21,1,Vehicle,ODI,19863,24,242,48258,349,No,2013,2013,2013
,155,30,-83,-7,28,2,1,Vehicle,ODI,0,0,0,0,,,2013,2013,2013
,204,76,-197,113,4565,8,1,Vehicle,ODI,0,0,0,0,,,2013,2014,2013
,204,76,-196,228,34,8,1,Vehicle,ODI,0,0,0,0,,,2013,2014,2013
,204,76,-195,136,4360,10,1,Vehicle,ODI,0,0,0,0,,,2013,2014,2013
2342,108,1,-24,259,189901,11,1,Vehicle,ODI,1,4,18,70,2395,Yes,2013,2013,2013
,204,76,-195,91,250,8,1,Vehicle,ODI,0,0,0,0,,,2013,2014,2013
,168,10,-311,22,709,10,1,Vehicle,ODI,0,0,0,0,,,2014,2014,2013
,204,76,-191,65,534,64,1,Vehicle,ODI,0,0,0,0,,,2013,2014,2013
876,214,1,-109,43,374618,3,1,Vehicle,ODI,184,4,106,7687,,,2013,2014,2013
,204,76,-191,127,9600,5,1,Vehicle,ODI,0,0,0,0,,,2013,2014,2013
,204,76,-191,65,400,24,1,Vehicle,ODI,0,0,0,0,,,2013,2014,2013
,204,76,-192,95,478,72,1,Vehicle,ODI,0,0,0,0,,,2013,2014,2013
,204,76,-189,63,1584,28,1,Vehicle,ODI,0,0,0,0,,,2013,2014,2013
,204,76,-189,49,2,2,1,Vehicle,ODI,0,0,0,0,,,2013,2014,2013
,204,76,-188,130,228,6,1,Vehicle,ODI,0,0,0,0,,,2013,2014,2013
,204,76,-188,66,17,8,1,Vehicle,ODI,0,0,0,0,,,2013,2014,2013
696,144,1,-6,35,161400,5,1,Vehicle,ODI,107,4,12,96,134,No,2013,2013,2013
,204,76,-188,54,16,8,1,Vehicle,ODI,0,0,0,0,,,2013,2014,2013
,204,76,-188,48,967,4,1,Vehicle,ODI,0,0,0,0,,,2013,2014,2013
,204,76,-188,168,2237,8,1,Vehicle,ODI,0,0,0,0,,,2013,2014,2013
,204,76,-188,81,1102,8,1,Vehicle,ODI,0,0,0,0,,,2013,2014,2013
,204,76,-185,49,106,6,1,Vehicle,ODI,0,0,0,0,,,2013,2014,2013
,204,76,-185,57,493,24,1,Vehicle,ODI,0,0,0,0,,,2013,2014,2013
,132,1,-43,94,22,4,1,Vehicle,ODI,0,0,0,0,,,2013,2013,2013
,204,76,-184,115,3500,56,1,Vehicle,ODI,0,0,0,0,,,2013,2014,2013
,204,76,-184,,189,2,1,Vehicle,ODI,0,0,0,0,,,2013,2014,2013
,204,76,-183,65,79,8,1,Vehicle,ODI,0,0,0,0,,,2013,2014,2013
,204,76,-183,,154,8,1,Vehicle,ODI,0,0,0,0,,,2013,2014,2013
,204,76,-175,81,1103,5,1,Vehicle,ODI,0,0,0,0,,,2013,2014,2013
,49,1,-29,127,76191,15,1,Vehicle,ODI,0,0,0,0,359,Yes,2013,2013,2013
,204,76,-178,,36272,8,1,Vehicle,ODI,0,0,0,0,,,2013,2014,2013
,204,76,-174,73,119,16,1,Vehicle,ODI,0,0,0,0,,,2013,2014,2013
,204,76,-174,47,7056,36,1,Vehicle,ODI,0,0,0,0,,,2013,2014,2013
,220,14,76,54,22,1,1,Vehicle,ODI,0,0,0,0,,,2012,2013,2013
,204,76,-171,63,432,6,1,Vehicle,ODI,0,0,0,0,,,2013,2014,2013
,204,76,-171,49,4295,18,1,Vehicle,ODI,0,0,0,0,,,2013,2014,2013
,204,76,-154,54,786,14,1,Vehicle,ODI,0,0,0,0,,,2013,2014,2013
,204,76,-154,57,4212,42,1,Vehicle,ODI,0,0,0,0,,,2013,2014,2013
286,169,1,-157,56,43500,4,1,Vehicle,ODI,30,0,9,158,228,No,2013,2014,2013
,204,76,-154,106,41415,8,1,Vehicle,ODI,0,0,0,0,,,2013,2014,2013
,204,76,-148,42,434,6,1,Vehicle,ODI,0,0,0,0,,,2013,2014,2013
,132,1,-3,179,344187,2,1,Vehicle,ODI,228,2,19,639,554,No,2013,2013,2013
,147,3,-68,-160,402,18,1,Vehicle,ODI,27,2,8,11,,,2013,2013,2013
,204,76,-154,48,7343,22,1,Vehicle,ODI,0,0,0,0,,,2013,2014,2013
,204,76,-154,48,19106,46,1,Vehicle,ODI,0,0,0,0,,,2013,2014,2013
,204,76,-154,64,48053,217,1,Vehicle,ODI,0,0,0,0,,,2013,2014,2013
,204,76,-154,218,10,24,1,Vehicle,ODI,0,0,0,0,,,2013,2014,2013
,204,76,-192,65,241,24,1,Vehicle,ODI,0,0,0,0,,,2013,2014,2013
,204,76,-153,88,4792,16,1,Vehicle,ODI,0,0,0,0,,,2013,2014,2013
136,70,1,-16,23,2456,3,1,Vehicle,ODI,0,0,0,0,76,No,2013,2013,2013
,204,76,-148,48,215,16,1,Vehicle,ODI,0,0,0,0,,,2013,2014,2013
,204,76,-135,-60,30,8,1,Vehicle,ODI,0,0,0,0,,,2013,2014,2013
,204,76,-148,55,3558,16,1,Vehicle,ODI,0,0,0,0,,,2013,2014,2013
,181,1,-6,-180,156,33,1,Vehicle,ODI,0,0,0,0,,,2013,2013,2013
1106,116,1,-98,42,62155,3,1,Vehicle,ODI,0,1,1,17,160,No,2013,2014,2013
,204,76,-121,52,9,8,1,Vehicle,ODI,0,0,0,0,,,2013,2014,2013
,204,76,-120,23,268,8,1,Vehicle,ODI,0,0,0,0,,,2013,2014,2013
,204,76,-118,70,226560,27,1,Vehicle,ODI,0,0,0,0,,,2013,2014,2013
,204,76,-119,27,1315,8,1,Vehicle,ODI,0,0,0,0,,,2013,2014,2013
,204,76,-119,27,716,12,1,Vehicle,ODI,0,0,0,0,,,2013,2014,2013
,204,76,-92,21,1,1,1,Vehicle,ODI,0,0,0,0,,,2013,2014,2013
,204,76,-115,46,4754,8,1,Vehicle,ODI,0,0,0,0,,,2013,2014,2013
,204,76,-115,46,512,8,1,Vehicle,ODI,0,0,0,0,,,2013,2014,2013
,204,76,-115,46,46375,8,1,Vehicle,ODI,0,0,0,0,,,2013,2014,2013
,204,76,-104,84,288,8,1,Vehicle,ODI,0,0,0,0,,,2013,2014,2013
,204,76,-98,57,528,5,1,Vehicle,ODI,0,0,0,0,,,2013,2014,2013
633,203,1,-50,125,50184,56,1,Vehicle,ODI,0,0,0,0,391,Yes,2013,2014,2013
,204,76,-93,62,3175,45,1,Vehicle,ODI,0,0,0,0,,,2013,2014,2013
,204,76,-93,63,2261,94,1,Vehicle,ODI,0,0,0,0,,,2013,2014,2013
,204,76,-92,34,444,37,1,Vehicle,ODI,0,0,0,0,,,2013,2014,2013
,204,76,-101,45,54,8,1,Vehicle,ODI,0,0,0,0,,,2013,2014,2013
,204,76,-86,,1440,8,1,Vehicle,ODI,0,0,0,0,,,2013,2014,2013
,204,76,-90,27,986,9,1,Vehicle,ODI,0,0,0,0,,,2013,2014,2013
,204,76,-84,85,223,26,1,Vehicle,ODI,0,0,0,0,,,2013,2014,2013
,204,76,-94,49,1975,8,1,Vehicle,ODI,0,0,0,0,,,2013,2014,2013
,204,76,-121,62,41,56,1,Vehicle,ODI,0,0,0,0,,,2013,2014,2013
,204,76,-101,119,38434,96,1,Vehicle,ODI,0,0,0,0,,,2013,2014,2013
1451,648,2,-294,4,4176601,15,1,Component,ODI,0,0,0,0,,,2013,2014,2014
457,159,1,-97,1,1368649,10,1,Component,ODI,0,0,0,0,,,2014,2014,2014
1451,648,2,-154,36,1910102,6,1,Component,ODI,0,0,0,0,,,2013,2014,2014
-24,116,1,-11,14,202346,1,1,Component,ODI,0,0,0,0,,,2014,2014,2014
,371,2,-24,58,263,1,1,Equipment,ODI,0,0,0,0,,,2013,2014,2014
,371,2,-24,58,440,1,1,Equipment,ODI,0,0,0,0,,,2013,2014,2014
961,547,1,-14,58,82579,18,1,Equipment,ODI,20039,12,343,61042,,,2012,2014,2014
,70,3,,,,,1,Equipment,ODI,0,0,0,0,,,2014,2014,
286,264,17,-109,-147,0,3,1,Equipment,ODI,0,0,0,0,,,2014,2015,2014
,204,76,-62,45,399,4,1,Vehicle,ODI,0,0,0,0,,,2013,2014,2014
,59,4,-64,14,467,24,1,Vehicle,ODI,0,0,0,0,,,2014,2014,2014
,221,12,-213,66,828,9,1,Vehicle,ODI,0,0,0,0,,,2014,2014,2014
,204,76,-52,32,5839,42,1,Vehicle,ODI,0,0,0,0,,,2013,2014,2014
,204,76,-52,35,264,9,1,Vehicle,ODI,0,0,0,0,,,2013,2014,2014
,59,4,-45,23,1954,28,1,Vehicle,ODI,0,0,0,0,,,2014,2014,2014
,59,4,-45,21,453,11,1,Vehicle,ODI,0,0,0,0,,,2014,2014,2014
3476,177,1,-22,35,452,5,1,Vehicle,ODI,0,0,0,0,,,2013,2014,2014
,221,12,-207,28,779,42,1,Vehicle,ODI,0,0,0,0,,,2014,2014,2014
,221,12,-202,11,548,17,1,Vehicle,ODI,0,0,0,0,,,2014,2014,2014
,221,12,-202,44,127,8,1,Vehicle,ODI,0,0,0,0,,,2014,2014,2014
,221,12,-202,9,133,18,1,Vehicle,ODI,0,0,0,0,,,2014,2014,2014
,204,76,-43,33,2453,8,1,Vehicle,ODI,0,0,0,0,,,2013,2014,2014
,204,76,-43,35,4,3,1,Vehicle,ODI,0,0,0,0,,,2013,2014,2014
,114,1,-31,-27,18,2,1,Vehicle,ODI,0,0,0,0,,,2013,2014,2014
,221,12,-200,99,450,26,1,Vehicle,ODI,0,0,0,0,,,2014,2014,2014
,168,10,-157,42,400,2,1,Vehicle,ODI,0,0,0,0,,,2014,2014,2014
,204,76,-38,,30,1,1,Vehicle,ODI,0,0,0,0,,,2013,2014,2014
,168,10,-157,7,21,1,1,Vehicle,ODI,0,0,0,0,,,2014,2014,2014
,168,10,-149,27,29,2,1,Vehicle,ODI,0,0,0,0,,,2014,2014,2014
,168,10,-149,34,171,12,1,Vehicle,ODI,0,0,0,0,,,2014,2014,2014
,59,4,-31,32,336,8,1,Vehicle,ODI,0,0,0,0,,,2014,2014,2014
,168,10,-149,36,8,1,1,Vehicle,ODI,0,0,0,0,,,2014,2014,2014
,221,12,-195,41,22,7,2,Vehicle,ODI,10570,14,107,42193,,,2014,2014,2014
,204,76,-36,47,480,37,1,Vehicle,ODI,0,0,0,0,,,2013,2014,2014
,204,76,-36,,185,4,1,Vehicle,ODI,0,0,0,0,,,2013,2014,2014
,221,12,-182,50,190,3,1,Vehicle,ODI,0,0,0,0,,,2014,2014,2014
,204,76,-28,82,32,4,1,Vehicle,ODI,0,0,0,0,,,2013,2014,2014
,204,76,-21,,10,7,1,Vehicle,ODI,0,0,0,0,,,2013,2014,2014
,168,10,-129,10,281,4,1,Vehicle,ODI,0,0,0,0,,,2014,2014,2014
238,214,1,-5,47,3065,1,1,Vehicle,ODI,73,0,1,25,543,No,2013,2014,2014
,168,10,-112,-29,24,6,1,Vehicle,ODI,0,0,0,0,,,2014,2014,2014
3013,929,2,-15,108,1373177,21,1,Vehicle,ODI,65947,47,1269,569259,,,2011,2014,2014
722,143,1,-31,129,252867,12,1,Vehicle,ODI,0,0,0,0,1912,Yes,2013,2014,2014
,221,12,-139,51,34,10,4,Vehicle,ODI,0,0,0,0,,,2014,2014,2014
,595,17,135,-6,66,9,2,Vehicle,ODI,5013,5,17,3499,,,2012,2013,2014
,168,10,-91,-8,34,4,1,Vehicle,ODI,0,0,0,0,,,2014,2014,2014
3677,49,1,-14,47,80,1,1,Vehicle,ODI,0,0,0,0,,,2014,2014,2014
,147,12,810,,7,3,1,Vehicle,ODI,3129,1,9,1398,,,2011,2012,2014
868,935,1,-33,58,1131113,15,1,Vehicle,ODI,64154,62,1228,598648,,,2011,2014,2014
,125,8,-115,31,1,1,1,Vehicle,ODI,0,0,0,0,,,2014,2014,2014
,168,10,-76,32,30,2,1,Vehicle,ODI,0,0,0,0,,,2014,2014,2014
,125,8,-104,44,150,4,1,Vehicle,ODI,0,0,0,0,,,2014,2014,2014
,125,8,-104,175,13,8,1,Vehicle,ODI,0,0,0,0,,,2014,2014,2014
,125,8,-103,54,35,1,1,Vehicle,ODI,0,0,0,0,,,2014,2014,2014
838,305,1,-41,233,103158,3,1,Vehicle,ODI,14059,2,49,24349,,,2013,2014,2014
2905,390,1,-48,96,2440524,23,1,Vehicle,ODI,83441,68,1759,831150,,,2013,2014,2014
,122,3,-103,-32,34,3,1,Vehicle,ODI,0,0,0,0,,,2014,2014,2014
,221,12,-94,95,18,3,2,Vehicle,ODI,0,0,0,0,,,2014,2014,2014
316,723,1,-14,55,179027,3,1,Vehicle,ODI,2705,0,100,15206,1093,Yes,2012,2014,2014
,70,3,-122,45,49,3,1,Vehicle,ODI,0,0,0,0,,,2014,2014,2014
,526,39,293,55,5,4,1,Vehicle,ODI,0,0,0,0,,,2012,2013,2014
,404,2,-33,49,31520,4,1,Vehicle,ODI,6008,3,266,119420,,,2013,2014,2014
,112,22,-107,58,19,10,1,Vehicle,ODI,5005,7,35,3926,,,2014,2014,2014
,202,1,-14,48,35000,3,1,Vehicle,ODI,13,0,6,72,,,2013,2014,2014
,112,22,-98,33,10,6,1,Vehicle,ODI,1938,0,15,1460,,,2014,2014,2014
,112,22,-99,153,10,18,1,Vehicle,ODI,6079,8,44,4496,,,2014,2014,2014
,112,22,-98,45,21,18,1,Vehicle,ODI,6811,8,43,4494,,,2014,2014,2014
,125,8,-69,34,11,1,1,Vehicle,ODI,0,0,0,0,,,2014,2014,2014
220,1176,1,-533,50,325,5,1,Vehicle,ODI,4,0,0,0,,,2012,2015,2014
,112,22,-93,2,42,6,1,Vehicle,ODI,529,5,9,47,,,2014,2014,2014
286,264,17,,,,,,,,,,,,,,2014,2015,
,112,22,,,,,,,,,,,,,,2014,2014,
286,264,17,,,,,,,,,,,,,,2014,2015,
286,264,17,,,,,,,,,,,,,,2014,2015,
,112,22,-92,,11,12,1,Vehicle,ODI,0,0,0,0,,,2014,2014,2014
,112,22,-88,36,10,15,1,Vehicle,ODI,6620,8,42,4492,,,2014,2014,2014
,112,22,-85,81,74,40,1,Vehicle,ODI,0,0,0,0,,,2014,2014,2014
1567,259,1,-249,334,722705,8,1,Vehicle,ODI,6691,12,275,56256,1393,Yes,2014,2015,2014
,112,22,-85,36,20,15,1,Vehicle,ODI,0,0,0,0,,,2014,2014,2014
,112,22,-84,70,7,15,1,Vehicle,ODI,0,0,0,0,,,2014,2014,2014
,112,22,-101,10,16,18,2,Vehicle,ODI,4974,8,36,3937,,,2014,2014,2014
,112,22,-101,55,4,15,1,Vehicle,ODI,6388,8,42,4492,,,2014,2014,2014
,112,22,-84,-1,3,15,1,Vehicle,ODI,0,0,0,0,,,2014,2014,2014
217,214,1,-41,54,653562,8,1,Vehicle,ODI,2730,0,63,12350,1198,No,2014,2014,2014
,112,22,-73,62,2,2,1,Vehicle,ODI,12,0,0,0,,,2014,2014,2014
,125,8,-46,-1,4,1,1,Vehicle,ODI,0,0,0,0,,,2014,2014,2014
,59,3,,,,,,,,,,,,,,2014,2014,
,59,3,-38,105,1,1,1,Vehicle,ODI,0,0,0,0,,,2014,2014,2014
,122,3,-38,133,50,7,1,Vehicle,ODI,0,0,0,0,,,2014,2014,2014
,112,22,-57,96,6,4,1,Vehicle,ODI,2568,6,13,1470,,,2014,2014,2014
,125,8,-31,395,10,4,1,Vehicle,ODI,0,0,0,0,,,2014,2014,2014
,125,8,-54,75,1,1,1,Vehicle,ODI,0,0,0,0,,,2014,2014,2014
,116,1,,,,,,,,,,,,,,2014,2014,
,276,1,-43,70,2098,13,1,Vehicle,ODI,0,0,0,0,,,2013,2014,2014
,59,3,,,,,,,,,,,,,,2014,2014,
,122,3,-25,-2,5,1,1,Vehicle,ODI,0,0,0,0,,,2014,2014,2014
,97,17,,,,,,,,,,,,,,2014,2015,
,97,17,,,,,,,,,,,,,,2014,2015,
,112,22,-45,38,3,2,1,Vehicle,ODI,0,0,0,0,,,2014,2014,2014
,112,22,-42,-59,3,2,1,Vehicle,ODI,0,0,0,0,,,2014,2014,2014
,112,22,-42,88,49,15,1,Vehicle,ODI,0,0,0,0,,,2014,2014,2014
,112,22,-39,34,88,15,1,Vehicle,ODI,0,0,0,0,,,2014,2014,2014
,112,22,-37,91,3,15,1,Vehicle,ODI,0,1,4,19,,,2014,2014,2014
,221,12,-10,61,51,28,1,Vehicle,ODI,0,0,0,0,,,2014,2014,2014
,112,22,-32,59,76,18,1,Vehicle,ODI,0,0,0,0,,,2014,2014,2014
,113,4,-103,39,84,1,1,Vehicle,ODI,0,0,0,0,,,2014,2014,2014
21,220,1,-73,49,205309,5,1,Vehicle,ODI,2734,1,49,82612,,,2014,2014,2014
,113,4,-98,9,311,2,1,Vehicle,ODI,0,0,0,0,,,2014,2014,2014
,97,17,-153,66,828,45,1,Vehicle,ODI,0,0,0,0,,,2014,2015,2014
42,107,1,-29,142,435081,19,1,Vehicle,ODI,9997,8,307,62458,54,No,2014,2014,2014
286,264,17,,,,,,,,,,,,,,2014,2015,
,217,1,-8,15,135,25,1,Vehicle,ODI,0,1,0,1,,,2014,2014,2014
,125,3,-109,38,44,10,1,Vehicle,ODI,0,0,0,0,,,2014,2015,2014
,70,3,39,0,206,2,1,Vehicle,MFR,0,0,0,0,,,2014,2014,2014
,97,17,-115,87,68,14,1,Vehicle,ODI,0,0,0,0,,,2014,2015,2014
,97,17,-115,87,4784,34,1,Vehicle,ODI,0,0,0,0,,,2014,2015,2014
,125,3,-106,11,5,7,1,Vehicle,ODI,0,0,0,0,,,2014,2015,2014
286,264,17,-118,83,0,28,1,Vehicle,ODI,1474,55,1424,126214,138,Yes,2014,2015,2014
286,264,17,,,,,,,,,,,,,,2014,2015,
,113,4,-41,96,4,1,1,Vehicle,ODI,0,0,0,0,,,2014,2014,2014
,97,17,-113,69,34,43,4,Vehicle,ODI,27499,28,157,30779,,,2014,2015,2014
,139,1,-43,-19,181,60,1,Vehicle,ODI,0,0,0,0,,,2014,2014,2014
,113,4,-34,48,1,1,1,Vehicle,ODI,0,0,0,0,,,2014,2014,2014
,97,17,-105,53,26,6,1,Vehicle,ODI,0,0,0,0,,,2014,2015,2014
,97,17,-105,57,46,6,1,Vehicle,ODI,0,0,0,0,,,2014,2015,2014
,174,1,-55,101,3564,3,1,Vehicle,ODI,0,0,0,0,,,2014,2015,2014
720,144,1,-101,59,115,8,1,Vehicle,ODI,0,0,0,0,,,2014,2015,2014
,97,17,-99,9,1229,108,1,Vehicle,ODI,0,0,0,0,,,2014,2015,2014
286,264,17,,,,,,,,,,,,,,2014,2015,
286,264,17,-91,45,4175,9,1,Vehicle,ODI,218,5,92,1446,151,Yes,2014,2015,2014
,97,17,-86,379,5,7,1,Vehicle,ODI,0,0,0,0,,,2014,2015,2014
,97,17,-86,8,9,8,1,Vehicle,ODI,0,0,0,0,,,2014,2015,2014
286,264,17,-89,62,250896,12,1,Vehicle,ODI,14815,29,339,89442,166,Yes,2014,2015,2014
286,264,17,,,,,,,,,,,,,,2014,2015,
286,264,17,,,,,,,,,,,,,,2014,2015,
,125,3,-71,15,185,4,1,Vehicle,ODI,0,1,0,1,,,2014,2015,2014
,97,17,-80,10,250,9,1,Vehicle,ODI,0,0,0,0,,,2014,2015,2014
286,264,17,-80,49,410,2,1,Vehicle,ODI,0,0,0,0,176,Yes,2014,2015,2014
,218,1,-7,101,54164,9,2,Vehicle,ODI,0,0,1,17,225,No,2014,2014,2014
436,182,1,-7,192,257065,1,1,Vehicle,ODI,0,0,2,43,175,No,2014,2014,2014
,97,17,-71,51,14,4,1,Vehicle,ODI,0,0,0,0,,,2014,2015,2014
,88,1,-62,-83,12,1,1,Vehicle,ODI,0,0,0,0,,,2014,2015,2014
286,264,17,,,,,,,,,,,,,,2014,2015,
286,264,17,,,,,,,,,,,,,,2014,2015,
,97,17,-59,-62,7,9,1,Vehicle,ODI,0,0,0,0,,,2014,2015,2014
,71,2,-58,16,17,4,1,Vehicle,ODI,0,0,0,0,,,2014,2015,2014
,97,17,-8,26,4,1,1,Equipment,ODI,0,0,0,0,,,2014,2015,2015
151,113,1,-84,30,480,1,1,Equipment,ODI,0,0,0,0,,,2015,2015,2015
,115,4,-49,80,6800,1,1,Equipment,ODI,0,0,0,0,,,2015,2015,2015
,212,16,-56,35,38000,6,1,Equipment,ODI,0,0,0,0,,,2015,2015,2015
249,234,10,-25,134,47340,1,1,Equipment,ODI,0,0,0,0,,,2015,2015,2015
,227,1,-102,31,90000,1,1,Tire,ODI,0,0,0,0,,,2015,2015,2015
,97,17,-37,36,9,5,1,Vehicle,ODI,0,0,0,0,,,2014,2015,2015
,71,2,-35,11,4,4,1,Vehicle,ODI,58,0,6,16,,,2014,2015,2015
-67,533,4,-289,208,1006849,8,2,Vehicle,ODI,23013,16,376,114948,,,2014,2015,2015
-67,533,4,-289,390,374177,3,1,Vehicle,ODI,184,4,106,7687,497,No,2014,2015,2015
-67,533,4,-289,335,752644,7,1,Vehicle,ODI,9778,26,434,148451,,,2014,2015,2015
3013,929,2,295,20,69633,6,1,Vehicle,ODI,27925,53,810,796543,,,2011,2014,2015
,97,17,-20,60,8,4,1,Vehicle,ODI,0,0,0,0,,,2014,2015,2015
1071,291,1,-92,96,5165,1,1,Vehicle,ODI,0,1,0,5,,,2014,2015,2015
,182,1,-81,42,18,1,1,Vehicle,ODI,0,0,0,0,,,2014,2015,2015
286,264,17,,,,,,,,,,,,,,2014,2015,
665,427,1,-356,28,6322,15,1,Vehicle,ODI,6083,6,40,4320,52,No,2015,2016,2015
286,264,17,46,60,12606,10,1,Vehicle,ODI,68,0,1,26,,,2014,2015,2015
951,259,2,-203,238,456440,8,1,Vehicle,ODI,6979,1,157,23610,283,Yes,2015,2015,2015
1581,343,1,-100,49,393623,17,1,Vehicle,ODI,11861,4,210,32470,1462,Yes,2014,2015,2015
,204,76,466,57,426,4,1,Vehicle,ODI,0,0,0,0,,,2013,2014,2015
377,81,2,-22,10,537,2,1,Vehicle,ODI,0,0,0,0,,,2015,2015,2015
1016,96,1,-14,51,30348,1,1,Vehicle,ODI,33,0,13,298,1128,No,2015,2015,2015
615,72,1,-31,56,193484,8,1,Vehicle,ODI,337,0,22,207,1161,No,2015,2015,2015
,120,1,-20,23,10594,2,1,Vehicle,ODI,0,0,0,0,,,2015,2015,2015
,221,12,339,63,13,6,1,Vehicle,ODI,0,0,0,0,,,2014,2014,2015
1435,188,1,-55,164,415825,29,1,Vehicle,ODI,86,4,30,515,1328,No,2015,2015,2015
377,81,2,20,7,405,5,1,Vehicle,ODI,0,0,0,0,,,2015,2015,2015
,170,1,-29,56,7104,11,1,Vehicle,ODI,0,0,0,0,,,2015,2015,2015
777,153,1,-20,33,298747,6,1,Vehicle,ODI,30,1,13,205,454,No,2015,2015,2015
-77,165,1,-146,49,7810,1,1,Vehicle,ODI,0,0,0,0,574,Yes,2015,2016,2015
,212,16,-42,59,52,40,1,Vehicle,ODI,0,0,0,0,,,2015,2015,2015
,212,16,-42,59,4334,60,1,Vehicle,ODI,0,0,1,12,,,2015,2015,2015
2480,142,1,-18,141,218019,6,1,Vehicle,ODI,655,2,41,545,122,No,2015,2015,2015
50,266,1,-50,70,910,12,1,Vehicle,ODI,0,0,0,0,,,2015,2015,2015
,115,4,7,59,290,5,1,Vehicle,ODI,18,0,0,0,,,2015,2015,2015
,115,4,11,36,669,9,1,Vehicle,ODI,0,0,0,0,,,2015,2015,2015
,115,4,11,36,448,8,1,Vehicle,ODI,0,0,0,0,,,2015,2015,2015
2451,1707,1,-82,141,86018,8,1,Vehicle,ODI,0,0,4,34,1625,No,2011,2016,2015
-67,533,4,-25,199,284611,2,1,Vehicle,ODI,4393,9,215,68433,35,No,2014,2015,2015
0,330,1,-51,35,75592,1,1,Vehicle,ODI,438,0,4,1774,279,No,2015,2015,2015
501,610,3,-560,41,919,12,1,Vehicle,ODI,970,6,80,1426,584,No,2015,2017,2015
1232,263,1,-238,31,503,11,2,Vehicle,ODI,0,0,2,2,,,2015,2016,2015
,212,16,18,44,49,12,1,Vehicle,ODI,0,0,0,0,,,2015,2015,2015
249,234,10,22,57,12656,108,1,Vehicle,ODI,0,0,5,5,,,2015,2015,2015
,501,2,1102,50,186,15,1,Vehicle,ODI,0,0,1,2,,,2011,2012,2015
,212,16,33,28,813,45,1,Vehicle,ODI,0,0,0,0,,,2015,2015,2015
,212,16,33,28,1001,72,1,Vehicle,ODI,0,0,0,0,,,2015,2015,2015
,212,16,33,28,43,18,1,Vehicle,ODI,0,0,0,0,,,2015,2015,2015
,212,16,33,28,5675,9,1,Vehicle,ODI,0,0,0,0,,,2015,2015,2015
,212,16,33,23,223,27,1,Vehicle,ODI,0,0,0,0,,,2015,2015,2015
,212,16,34,24,25,27,1,Vehicle,ODI,0,0,0,0,,,2015,2015,2015
,212,16,34,29,271,10,2,Vehicle,ODI,0,0,0,0,,,2015,2015,2015
,212,16,34,29,2029,45,1,Vehicle,ODI,0,0,0,0,,,2015,2015,2015
,231,1,-14,60,15730,10,1,Vehicle,ODI,0,0,0,0,,,2015,2015,2015
,212,16,35,46,278,18,1,Vehicle,ODI,15451,24,124,19119,,,2015,2015,2015
249,234,10,37,99,9687,68,3,Vehicle,ODI,0,0,0,0,,,2015,2015,2015
3479,151,1,-17,479,296004,6,1,Vehicle,ODI,9768,14,168,54014,2582,No,2015,2016,2015
26,277,1,-17,52,1253,12,1,Vehicle,ODI,9,0,1,3,,,2015,2016,2015
,212,16,67,59,4784,34,2,Vehicle,ODI,0,0,0,0,,,2015,2015,2015
,212,16,68,58,68,18,2,Vehicle,ODI,0,0,0,0,,,2015,2015,2015
249,234,10,65,51,2123,48,4,Vehicle,ODI,0,0,0,0,,,2015,2015,2015
212,432,1,-191,213,389252,6,1,Vehicle,ODI,3376,0,61,17244,545,No,2015,2016,2015
249,234,10,70,44,14889,28,1,Vehicle,ODI,0,0,0,0,,,2015,2015,2015
,479,5,-434,8,8,1,1,Equipment,ODI,0,0,0,0,,,2015,2017,2016
,235,3,-170,-226,582,1,1,Equipment,ODI,0,0,0,0,,,2016,2016,2016
,235,3,-169,-241,49,1,1,Equipment,ODI,0,0,0,0,,,2016,2016,2016
,235,3,-102,-287,300,1,1,Equipment,ODI,0,0,0,0,,,2016,2016,2016
,212,16,80,9,9,8,1,Vehicle,ODI,0,0,0,0,,,2015,2015,2016
249,234,10,78,46,23,1,1,Vehicle,ODI,0,0,0,0,,,2015,2015,2016
249,234,10,84,50,662,31,1,Vehicle,ODI,0,0,0,0,,,2015,2015,2016
249,234,10,86,35,3712,35,1,Vehicle,ODI,0,0,0,0,,,2015,2015,2016
,479,5,-436,-4,5,2,1,Vehicle,ODI,0,0,0,0,,,2015,2017,2016
,479,5,-434,8,96,2,1,Vehicle,ODI,0,0,0,0,,,2015,2017,2016
249,234,10,99,28,190,15,1,Vehicle,ODI,0,0,0,0,,,2015,2015,2016
1327,304,2,-136,287,341444,3,1,Vehicle,ODI,395,3,238,46590,270,No,2015,2016,2016
575,81,1,-75,419,1015,2,1,Vehicle,ODI,0,0,0,0,,,2016,2016,2016
249,234,10,137,59,217,4,1,Vehicle,ODI,0,0,0,0,,,2015,2015,2016
176,393,1,-11,-685,12,1,1,Vehicle,ODI,0,0,0,0,,,2015,2016,2016
204,207,1,-75,56,1736,2,1,Vehicle,ODI,0,0,0,0,,,2015,2016,2016
883,142,2,-60,60,811290,8,1,Vehicle,ODI,8440,15,334,106298,249,No,2016,2016,2016
501,610,3,-371,48,645898,4,1,Vehicle,ODI,218,0,27,939,270,No,2015,2017,2016
501,610,3,-371,45,3296947,51,2,Vehicle,ODI,1463,9,131,3180,773,Yes,2015,2017,2016
,215,2,-56,92,7196,6,1,Vehicle,ODI,0,0,0,0,1603,Yes,2015,2016,2016
,215,2,-56,217,388532,4,1,Vehicle,ODI,0,0,0,0,1603,Yes,2015,2016,2016
537,148,1,-63,157,225012,2,1,Vehicle,ODI,2142,2,70,9933,144,Yes,2016,2016,2016
,203,2,-131,50,117,6,1,Vehicle,ODI,0,0,0,0,,,2016,2016,2016
,479,5,-301,34,7,2,1,Vehicle,ODI,0,0,0,0,,,2015,2017,2016
883,142,2,-14,189,12631,2,1,Vehicle,ODI,2,0,1,1,126,No,2016,2016,2016
,479,5,-276,9,2,1,1,Vehicle,ODI,0,0,0,0,,,2015,2017,2016
1286,143,2,-52,37,10351,26,1,Vehicle,ODI,0,0,0,0,,,2016,2016,2016
1327,304,2,55,244,41918,2,1,Vehicle,ODI,64,1,14,205,196,Yes,2015,2016,2016
1286,143,2,-8,17,28,1,1,Vehicle,ODI,0,0,0,0,,,2016,2016,2016
527,287,1,-53,143,2046297,15,1,Vehicle,ODI,13386,9,726,114522,327,Yes,2016,2016,2016
,711,1,-683,-86,16428,1,1,Equipment,MFR,0,0,0,0,,,2017,2019,2017
,298,1,-138,54,126,2,1,Vehicle,ODI,0,0,0,0,,,2016,2017,2017
,343,1,-88,396,91007,9,1,Vehicle,ODI,13008,8,270,399815,273,No,2016,2017,2017
450,173,1,-14,267,54751,1,1,Vehicle,ODI,0,4,9,272,159,No,2016,2017,2017
115,300,2,-229,36,977778,9,1,Vehicle,ODI,1983,15,204,9185,174,Yes,2016,2017,2017
,203,2,345,-7,1,1,1,Vehicle,ODI,0,0,0,0,,,2016,2016,2017
115,300,2,-19,33,443545,9,1,Vehicle,ODI,2380,18,236,10434,218,Yes,2016,2017,2017
1072,207,1,-76,55,363930,6,1,Vehicle,ODI,6408,17,644,243677,1561,Yes,2017,2017,2017
,252,1,-131,32,171,2,1,Vehicle,ODI,0,0,0,0,,,2017,2018,2017
889,532,3,-436,0,727921,1,1,Equipment,ODI,0,0,0,0,,,2018,2019,2018
213,90,1,-49,55,153859,1,1,Vehicle,ODI,1183,2,50,20087,80,No,2017,2018,2018
1490,656,1,-84,16,174636,63,1,Vehicle,ODI,0,0,0,0,,,2016,2018,2018
889,532,3,-549,230,580058,5,1,Vehicle,ODI,1850,15,200,8781,2204,Yes,2018,2019,2018
,182,1,-42,49,1301986,10,1,Vehicle,ODI,7403,2,153,21127,140,Yes,2017,2018,2018
,191,1,-5,47,1528,23,1,Vehicle,ODI,0,4,39,1,,,2017,2018,2018
957,354,1,-116,94,42781,2,1,Vehicle,ODI,80,5,17,977,224,No,2017,2018,2018
698,339,1,158,94,42781,2,1,Vehicle,ODI,80,5,17,977,224,No,2016,2017,2018
,316,1,-79,58,1123,25,1,Vehicle,ODI,0,2,15,3,,,2017,2018,2018
1880,227,1,-192,292,33214,5,1,Vehicle,ODI,0,0,0,0,2004,Yes,2018,2018,2018
889,532,3,-455,119,507587,15,1,Vehicle,ODI,756,10,104,1740,1539,Yes,2018,2019,2018
141,553,1,-222,13,10658,3,1,Vehicle,ODI,0,0,0,0,,,2017,2019,2018
357,136,1,-108,28,1619112,4,1,Vehicle,ODI,3924,3,213,29099,517,Yes,2018,2018,2018
1127,165,1,-49,185,50176,2,1,Vehicle,ODI,183,1,33,786,1092,No,2018,2018,2018
450,462,1,-201,57,12383,2,1,Vehicle,ODI,0,0,0,0,,,2018,2019,2018
2967,262,4,-142,29,71653,21,1,Vehicle,ODI,1511,17,185,2891,628,No,2018,2019,2018
2967,262,4,-133,63,150730,6,1,Vehicle,ODI,3119,22,296,13758,135,No,2018,2019,2018
727,360,1,-321,56,795575,11,1,Vehicle,ODI,0,0,0,0,,,2018,2019,2019
70,230,1,-96,57,994,90,1,Vehicle,ODI,0,3,7,4,,,2018,2019,2019
2231,666,1,-253,21,1263051,3,1,Vehicle,ODI,7261,8,186,27818,,,2017,2019,2019
2967,262,4,-77,54,378967,5,1,Vehicle,ODI,620,10,68,1173,,,2018,2019,2019
2967,262,4,-57,61,16487,1,1,Vehicle,ODI,423,1,16,672,,,2018,2019,2019
1329,472,2,-147,197,28671,2,1,Vehicle,ODI,0,0,0,0,,,2018,2019,2019
1329,472,2,-146,55,65385,7,1,Vehicle,ODI,0,1,0,5,,,2018,2019,2019
,329,1,-36,70,3868,8,1,Vehicle,ODI,0,0,0,0,,,2018,2019,2019
,268,2,-82,94,1035,3,1,Vehicle,ODI,0,0,0,0,,,2018,2019,2019
,268,2,-82,94,9,1,1,Vehicle,ODI,0,0,0,0,,,2018,2019,2019
131,136,1,-77,182,11463,8,1,Vehicle,ODI,0,0,0,0,,,2019,2019,2019
,169,1,-111,131,366282,4,1,Vehicle,ODI,2357,10,317,22741,,,2019,2020,2019
423,216,1,-34,60,2108,6,1,Vehicle,ODI,0,0,0,0,,,2019,2019,2019
522,426,1,-8,49,231664,9,1,Vehicle,ODI,9617,1,89,10140,,,2018,2019,2019
2853,1003,1,-394,470,600166,20,1,Vehicle,ODI,21405,17,384,64614,,,2018,2021,2019
951,259,2,1571,0,5641577,1,1,Equipment,MFR,0,0,0,0,,,2015,2015,2020
384,188,1,1811,0,5641577,1,1,Equipment,MFR,0,0,0,0,,,2014,2015,2020
188,114,1,-57,48,6,5,1,Vehicle,ODI,0,0,0,0,,,2019,2020,2020
1772,496,1,-266,137,2907,1,1,Vehicle,ODI,47,1,2,4,,,2019,2020,2020
438,1376,1,-27,142,292311,4,1,Vehicle,ODI,7411,7,275,38001,,,2016,2020,2020
48,173,1,-39,207,9392,8,1,Vehicle,ODI,0,0,0,0,,,2020,2020,2020
4922,192,1,-21,60,1561,4,1,Vehicle,ODI,1,0,0,0,,,2020,2020,2020
,206,1,-30,180,2100,2,1,Vehicle,ODI,0,0,0,0,,,2020,2020,2020
1093,176,1,-22,225,21834,2,1,Vehicle,ODI,196,0,0,0,,,2020,2020,2020
,158,1,-29,49,2690,3,1,Vehicle,ODI,0,0,0,0,,,2020,2021,2020
,209,1,-52,53,1238,1,1,Equipment,ODI,0,0,0,0,,,2020,2021,2021
859,190,1,-55,198,48667,14,1,Vehicle,ODI,0,0,0,0,,,2020,2021,2021
,750,1,-64,134,60681,2,1,Vehicle,ODI,3950,2,52,33498,,,2019,2021,2021
